keys,pt_BR,en,es
OBJ_BENTO_BED,A cama do Bento. Ela range só de você olhar.,Bento's bed. It creaks if you so much as look at it.,La cama de Bento. Cruje con solo mirarla.
OBJ_BENTO_SHELF,"Potes de sal, anzóis e uma lata com o aviso: “Bento, isso não é biscoito.”","Salt jars, hooks and a tin with a note: “Bento, these are not cookies.”","Frascos de sal, anzuelos y una lata con un aviso: “Bento, esto no son galletas.”"
OBJ_BENTO_RODS,Três varas de pesca. A do meio tem tanto remendo que já é outra vara.,Three fishing rods. The middle one has so many patches it's a whole new rod.,Tres cañas de pescar. La del medio tiene tantos remiendos que ya es otra caña.
CREDITS_1,"Esqueletons Runs 2040 — Edição Discovery. Arte, sons, fonte e textos originais.","Esqueletons Runs 2040 — Discovery Edition. Original art, sounds, font and writing.","Esqueletons Runs 2040 — Edición Discovery. Arte, sonidos, fuente y textos originales."
CREDITS_2,Feito com o motor Godot (licença MIT). Obrigado por jogar!,Made with the Godot Engine (MIT license). Thanks for playing!,Hecho con el motor Godot (licencia MIT). ¡Gracias por jugar!
SPK_BENTO,Bento,Bento,Bento
SPK_LIA,Lia,Lia,Lia
SPK_TARO,Taro,Taro,Taro
SPK_MAROLA,Marola,Marola,Marola
SPK_ANZOL,Anzol,Hook,Anzuelo
SPK_PIPA,Pipa,Kite,Cometa
SPK_CASCALHO,Prof. Cascalho,Prof. Gravel,Prof. Guijarro
SPK_JUREMA,Jurema,Jurema,Jurema
SPK_BRAS,Fiscal Brás,Inspector Brás,Inspector Brás
SPK_REMO,Seu Remo,Mr. Oar,Don Remo
SPK_CONCHA,Vó Concha,Granny Shell,Abuela Concha
DLG_P_WAKE_1,Areia fria. Gaivotas. Você não lembra como chegou aqui.,Cold sand. Seagulls. You don't remember how you got here.,Arena fría. Gaviotas. No recuerdas cómo llegaste aquí.
DLG_P_WAKE_2,"No bolso, um papel amassado: ""Museu do Litoral — O Reino Perdido de Ossório — 12/10/2040.""","In your pocket, a crumpled paper: ""Coast Museum — The Lost Kingdom of Ossório — 10/12/2040.""","En el bolsillo, un papel arrugado: ""Museo del Litoral — El Reino Perdido de Ossório — 12/10/2040."""
DLG_P_BENTO_1,Opa! Achei que era um tronco que a maré trouxe. Você tá inteiro?,Whoa! I thought you were driftwood. You in one piece?,¡Epa! Creí que eras un tronco que trajo la marea. ¿Estás entero?
DLG_P_BENTO_2,Eu sou o Bento. Pesco aqui desde que o mar era raso.,I'm Bento. Been fishing here since the sea was shallow.,Soy Bento. Pesco aquí desde que el mar era bajito.
DLG_P_BENTO_3,"Cuidado por aí. O continente é dos esqueletos agora. Quem manda neles é o Rei Esqueleto, lá do castelo.",Watch yourself. The continent belongs to skeletons now. The Skeleton King rules them from his castle.,"Ten cuidado. El continente es de los esqueletos ahora. Los manda el Rey Esqueleto, desde su castillo."
OPT_P_KING,Rei Esqueleto?,Skeleton King?,¿Rey Esqueleto?
OPT_P_PAPER,E esse papel?,And this paper?,¿Y este papel?
DLG_P_BENTO_KING,"Ninguém vê o Rei faz tempo. Mas a lei dele todo mundo conhece: ""Ninguém sai, ninguém se perde.""","Nobody's seen the King in ages. But everyone knows his law: ""No one leaves, no one gets lost.""","Nadie ve al Rey hace tiempo. Pero todos conocen su ley: ""Nadie sale, nadie se pierde."""
DLG_P_BENTO_PAPER,"""Museu""? Nunca ouvi falar. Parece nome de peixe. Guarda isso aí, vai que é importante.","""Museum""? Never heard of it. Sounds like a fish. Keep it, just in case it matters.","¿""Museo""? Nunca lo oí. Suena a nombre de pez. Guárdalo, por si es importante."
DLG_P_BENTO_4,"Vem pra cabana, {player}. Gente sozinha na praia vira janta de gaivota.","Come to my hut, {player}. Folks alone on the beach end up as seagull dinner.","Ven a la cabaña, {player}. Quien anda solo en la playa termina de cena de gaviota."
DLG_P_BENTO_HUT,"A cabana é ali, ó. A porta range, mas é boa gente.","The hut's right there. The door creaks, but it means well.","La cabaña está ahí. La puerta cruje, pero es buena gente."
DLG_P_BENTO_LATER,A vila fica pro norte. Fala com a Marola no Rancho se o time cansar.,The village is up north. Talk to Marola at the Ranch if your team gets tired.,La villa está al norte. Habla con Marola en el Rancho si tu equipo se cansa.
DLG_P_KNOCK,"Toc, toc. Duas cabecinhas de osso espiam pela porta.","Knock, knock. Two little bony heads peek through the door.","Toc, toc. Dos cabecitas de hueso se asoman por la puerta."
DLG_P_BENTO_KIDS,"Ah, os pequenos. Despertaram faz poucos dias. Ainda tão procurando alguém.","Ah, the little ones. They woke up a few days ago. Still looking for someone.","Ah, los pequeños. Despertaron hace pocos días. Todavía buscan a alguien."
DLG_P_LIA_1,"Oi! Eu sou a Lia. Acordei sozinha, no escuro. Agora eu não largo minha lamparina.","Hi! I'm Lia. I woke up alone, in the dark. Now I never let go of my lamp.","¡Hola! Soy Lia. Desperté sola, a oscuras. Ahora no suelto mi lamparita."
DLG_P_LIA_2,Um dia eu vou acender o farol velho da praia. Aí ninguém mais se perde no mar!,Someday I'll light the old lighthouse on the beach. Then no one will get lost at sea!,¡Un día voy a encender el faro viejo de la playa! Así nadie más se pierde en el mar.
DLG_P_TARO_1,Taro. Levaram meus pais pro castelo. Eu vou buscar.,Taro. They took my parents to the castle. I'm getting them back.,Taro. Se llevaron a mis padres al castillo. Voy a buscarlos.
DLG_P_TARO_2,"Se você for pro norte, eu vou junto. Se não for, vou sozinho mesmo.","If you're heading north, I'm coming. If not, I'll go alone.","Si vas al norte, voy contigo. Si no, voy solo."
DLG_P_CHOOSE,"Esqueleto sozinho não vai longe. Gente sozinha, menos ainda. Escolhe um, {player}.","A skeleton alone won't get far. A person alone, even less. Pick one, {player}.","Un esqueleto solo no llega lejos. Una persona sola, menos. Elige uno, {player}."
OPT_P_LIA,Lia,Lia,Lia
OPT_P_TARO,Taro,Taro,Taro
DLG_P_LIA_YES,"Sério?! Eu vou iluminar o caminho, prometo!","Really?! I'll light the way, I promise!","¡¿En serio?! ¡Voy a iluminar el camino, lo prometo!"
DLG_P_TARO_BYE,Tá. Eu vou na frente então. A gente se vê no caminho.,"Fine. I'll go on ahead, then. See you on the road.",Vale. Entonces voy adelante. Nos vemos en el camino.
DLG_P_TARO_YES,...Valeu. Não fica pra trás.,...Thanks. Don't fall behind.,...Gracias. No te quedes atrás.
DLG_P_LIA_BYE,"Tudo bem! Eu vou procurar o farol. Se você se perder, olha pra luz!","That's okay! I'll go find the lighthouse. If you get lost, look for the light!","¡Está bien! Voy a buscar el faro. Si te pierdes, ¡busca la luz!"
DLG_P_POTIONS,Toma três poções. Esqueleto também rala o joelho.,Take three potions. Skeletons scrape their knees too.,Toma tres pociones. Los esqueletos también se raspan las rodillas.
DLG_P_WILD,"Na praia tem esqueleto selvagem. Encosta num, que ele vem brigar. Treina um pouco antes da vila.",There are wild skeletons on the beach. Bump into one and it'll fight. Train a bit before the village.,En la playa hay esqueletos salvajes. Choca con uno y vendrá a pelear. Entrena antes de ir a la villa.
DLG_P_MARK_1,Viu aquela barrinha de ossos? É o marcador. Cada vitória sobre uma espécie enche um pouco.,See that little bone bar? That's the marker. Every win over a species fills it a bit.,¿Viste esa barrita de huesos? Es el marcador. Cada victoria sobre una especie lo llena un poco.
DLG_P_MARK_2,"Quando enche, o esqueleto pede pra ir com você. Ninguém é obrigado: é amizade, não ordem.","When it's full, the skeleton asks to come with you. Nobody's forced: it's friendship, not orders.","Cuando se llena, el esqueleto pide ir contigo. Nadie está obligado: es amistad, no una orden."
SIGN_VILA_ENTRANCE,"Vila Maré. Peixe fresco, quando o mar deixa.","Tidemark Village. Fresh fish, when the sea allows.","Villa Marea. Pescado fresco, cuando el mar deja."
SIGN_VILA_RANCH,Rancho da Marola. Cura grátis e cama pra esqueleto.,Marola's Ranch. Free healing and beds for skeletons.,Rancho de Marola. Curación gratis y camas para esqueletos.
SIGN_VILA_SHOP,Armazém do Anzol. Fiado só pra quem pesca.,Hook's General Store. Credit only for those who fish.,Almacén Anzuelo. Fiado solo para quien pesca.
SIGN_VILA_DOCK,Cais fechado por ordem do Rei. — Fiscal Brás,Dock closed by order of the King. — Inspector Brás,Muelle cerrado por orden del Rey. — Inspector Brás
SIGN_VILA_NORTH,Estrada do Bosque das Raízes.,Road to the Rootwood Forest.,Camino al Bosque de las Raíces.
OBJ_VILA_WELL,O poço tem eco. Você ouve a própria voz chegar atrasada.,The well echoes. Your own voice comes back late.,El pozo tiene eco. Tu propia voz vuelve con retraso.
OBJ_LIGHTHOUSE,O farol velho. A lente está apagada e coberta de sal.,The old lighthouse. Its lens is dark and crusted with salt.,El faro viejo. La lente está apagada y cubierta de sal.
OBJ_NET_FREED,Você soltou a rede da Jurema.,You freed Jurema's net.,Soltaste la red de Jurema.
DLG_P_MAROLA_1,"Tá todo mundo cansado? Deita aí, que eu cuido.","Everyone tired? Lie down, I'll take care of you.","¿Todos cansados? Acuéstense, que yo los cuido."
DLG_P_MAROLA_2,"Esqueleto também tem aniversário, sabia? Cada ano que passa, eles crescem um pouco.","Skeletons have birthdays too, you know. Every year that passes, they grow a little.","Los esqueletos también cumplen años, ¿sabías? Cada año que pasa, crecen un poco."
OPT_P_RANCH,Ver o Rancho,Open the Ranch,Ver el Rancho
OPT_P_LEAVE,Tchau,Bye,Adiós
DLG_P_ANZOL_1,"Bem-vindo ao Anzol! Se não tiver, eu invento. Se inventar, eu cobro.","Welcome to Hook's! If I don't have it, I'll invent it. If I invent it, I'll charge for it.","¡Bienvenido a Anzuelo! Si no lo tengo, lo invento. Si lo invento, lo cobro."
DLG_P_ANZOL_2,Volte sempre! Ou pelo menos volte com moedas.,Come again! Or at least come back with coins.,¡Vuelve pronto! O al menos vuelve con monedas.
DLG_P_PIPA_1,Meu esqueleto é rapidinho! Ele usa golpe leve e bate de novo antes do outro acordar.,My skeleton is super quick! It uses light moves and hits again before the other one wakes up.,¡Mi esqueleto es rapidísimo! Usa golpes ligeros y pega otra vez antes de que el otro despierte.
DLG_P_PIPA_2,Golpe pesado é bom pra quem é lento. Aí pelo menos dói.,Heavy moves are for slowpokes. At least they hurt.,Los golpes pesados son para los lentos. Al menos duelen.
DLG_P_CASCALHO_1,"Os esqueletos não são mortos tristes, jovem. É uma segunda vida: nascem bebês e envelhecem de novo.","Skeletons aren't sad dead folk, young one. It's a second life: they're born as babies and grow old again.","Los esqueletos no son muertos tristes, joven. Es una segunda vida: nacen bebés y envejecen de nuevo."
DLG_P_CASCALHO_2,"Antes, faziam aniversário em paz. Agora obedecem a uma coroa que ninguém vê.",They used to celebrate birthdays in peace. Now they obey a crown no one has seen.,Antes cumplían años en paz. Ahora obedecen a una corona que nadie ve.
DLG_P_JUREMA_ASK,"Minha rede ficou presa nas pedras da praia, perto dos esqueletos bravos. Você pega pra mim?","My net got stuck on the rocks down at the beach, near the grumpy skeletons. Could you get it?","Mi red quedó atrapada en las rocas de la playa, cerca de los esqueletos bravos. ¿Me la traes?"
DLG_P_JUREMA_WHERE,Pedras do leste da praia. Cuidado com os espinhudos!,The rocks on the east side of the beach. Watch out for the spiky ones!,Las rocas del este de la playa. ¡Cuidado con los espinosos!
DLG_P_JUREMA_THANKS,"Minha rede! Toma, duas poções e um antídoto. Pescador paga em dobro quando tá feliz.","My net! Here, two potions and an antidote. A happy fisher pays double.","¡Mi red! Toma, dos pociones y un antídoto. Un pescador feliz paga el doble."
DLG_P_JUREMA_AFTER,"Quando o cais abrir, o primeiro peixe é seu.","When the dock opens, the first fish is yours.","Cuando abra el muelle, el primer pescado es tuyo."
BTL_TAMER_BRAS,Fiscal Brás,Inspector Brás,Inspector Brás
DLG_P_BRAS_1,"Alto lá! Ordem do Rei: ninguém sai, ninguém se perde. Nem barco, nem peixe, nem você.","Halt! King's orders: no one leaves, no one gets lost. Not boats, not fish, not you.","¡Alto ahí! Orden del Rey: nadie sale, nadie se pierde. Ni barcos, ni peces, ni tú."
DLG_P_BRAS_WIN,"Tá bom, tá bom! O cais tá aberto. Mas o Ramalho não vai gostar nada disso.","Okay, okay! The dock's open. But Ramalho won't like this one bit.","¡Vale, vale! El muelle está abierto. Pero a Ramalho no le va a gustar nada."
DLG_P_BRAS_AFTER,O Ramalho é primo do Rei. Lá no Bosque ele te ensina a esperar.,"Ramalho is the King's cousin. Out in the forest, he'll teach you how to wait.",Ramalho es primo del Rey. En el bosque te va a enseñar a esperar.
BTL_TAMER_REMO,Seu Remo,Mr. Oar,Don Remo
DLG_P_REMO_1,Aqui em casa todo mundo é rápido. Até a sopa esfria correndo.,Everyone in this house is fast. Even the soup cools off in a hurry.,En esta casa todos son rápidos. Hasta la sopa se enfría corriendo.
DLG_P_REMO_AFTER,Rápido não é tudo. Mas ajuda a chegar primeiro na mesa.,Speed isn't everything. But it gets you to the table first.,La rapidez no lo es todo. Pero ayuda a llegar primero a la mesa.
BTL_TAMER_CONCHA,Vó Concha,Granny Shell,Abuela Concha
DLG_P_CONCHA_1,"Meus netinhos jogam juntos. Um cura, o outro bate. Família é isso.","My little grandkids play together. One heals, the other hits. That's family.","Mis nietecitos juegan juntos. Uno cura, el otro pega. Eso es familia."
DLG_P_CONCHA_AFTER,Volta pra comer bolo. Aniversário de esqueleto é toda semana aqui.,Come back for cake. There's a skeleton birthday here every week.,Vuelve a comer pastel. Aquí hay cumpleaños de esqueleto cada semana.
OPT_P_FIGHT,Lutar,Battle,Pelear
OPT_P_NOT_NOW,Agora não,Not now,Ahora no
BTL_TAMER_LIA,Lia,Lia,Lia
BTL_TAMER_TARO,Taro,Taro,Taro
DLG_P_RIVAL_TARO,Você demorou. Vamos ver se essa luz aguenta um soco.,You took your time. Let's see if that light can take a punch.,Tardaste. A ver si esa luz aguanta un golpe.
DLG_P_RIVAL_LIA,Antes de ir: deixa eu ver se você me acha no escuro!,Before you go: let's see if you can find me in the dark!,Antes de irte: ¡a ver si me encuentras en la oscuridad!
DLG_P_RIVAL_BYE,"A gente se vê no Bosque. Não se perde, hein!","See you in the forest. Don't get lost, okay!","Nos vemos en el bosque. ¡No te pierdas, eh!"
DLG_P_RIVAL_LATER,Tá bom. Mas eu vou estar te esperando!,Fine. But I'll be waiting for you!,Vale. ¡Pero te voy a estar esperando!
MSG_ROUTE1_LOCKED,A estrada do Bosque abre na próxima atualização (fase 4b).,The road to the forest opens in the next update (phase 4b).,El camino al bosque se abre en la próxima actualización (fase 4b).
MSG_DOCK_BLOCKED,O Fiscal Brás está bloqueando a estrada.,Inspector Brás is blocking the road.,El Inspector Brás está bloqueando el camino.
SPK_LENHADOR_VELHO,Lenhador Velho,Old Woodcutter,Leñador Viejo
SPK_RUFO,Rufo,Rufus,Rufo
SPK_IRIS,Íris,Iris,Iris
SPK_CIPO,Cipó,Vine,Bejuco
SPK_TILIA,Dona Tília,Mrs. Linden,Doña Tilia
SPK_TOCO,Seu Toco,Mr. Stump,Don Tocón
SPK_SALVIA,Sálvia,Sage,Salvia
SPK_GRAVETO,Graveto,Twig,Ramita
SPK_HERA,Dona Hera,Mrs. Ivy,Doña Hiedra
SPK_GUARDA_RAIZ,Guarda-raiz,Root Guard,Guardarraíz
SPK_GALHO,Irmãos Galho,Branch Brothers,Hermanos Rama
SPK_MUSGO,Pai Musgo,Papa Moss,Papá Musgo
SPK_RAMALHO,Ramalho,Ramalho,Ramalho
BTL_TAMER_RUFO,Rufo,Rufus,Rufo
BTL_TAMER_IRIS,Íris,Iris,Iris
BTL_TAMER_CIPO,Cipó,Vine,Bejuco
BTL_TAMER_GALHO,Irmãos Galho,Branch Brothers,Hermanos Rama
BTL_TAMER_MUSGO,Pai Musgo,Papa Moss,Papá Musgo
BTL_TAMER_RAMALHO,Guardião Ramalho,Guardian Ramalho,Guardián Ramalho
MAP_ROTA_1,Rota 1,Route 1,Ruta 1
MAP_TUNEL,Túnel das Raízes,Root Tunnel,Túnel de Raíces
MAP_RAIZAL,Raizal,Rootvale,Raizal
MAP_BOSQUE_VELHO,Bosque Velho,Old Grove,Bosque Viejo
MAP_RAIZAL_RANCHO,Rancho da Tília,Linden's Ranch,Rancho de Tilia
MAP_RAIZAL_LOJA,Venda do Toco,Stump's Shop,Tienda de Tocón
MAP_RAIZAL_CASA_GALHO,Casa dos Irmãos Galho,Branch Brothers' House,Casa de los Hermanos Rama
MAP_RAIZAL_CASA_MUSGO,Casa da Família Musgo,Moss Family House,Casa de la Familia Musgo
MAP_RAIZAL_CASA_SALVIA,Casa da Sálvia,Sage's House,Casa de Salvia
MSG_ROUTE2_LOCKED,A estrada das Minas abre na próxima atualização (fase 4c).,The road to the mines opens in the next update (phase 4c).,El camino a las minas se abre en la próxima actualización (fase 4c).
ITEM_ROOT_CHIP,Lasca de Raiz,Root Chip,Astilla de Raíz
ITEM_ROOT_CHIP_TEXT,Uma lasca do machado do Ramalho. Prova que você venceu o Guardião do Bosque.,A chip from Ramalho's axe. Proof that you beat the Forest Guardian.,Una astilla del hacha de Ramalho. Prueba que venciste al Guardián del Bosque.
SIGN_B_FORK,← Caminho dos Domadores · ↑ Túnel das Raízes · → Campo das Flores,← Tamers' Trail · ↑ Root Tunnel · → Flower Field,← Senda de Domadores · ↑ Túnel de Raíces · → Campo de Flores
OBJ_ROOT_WALL,Raízes trançadas fecham a estrada. Só o Guardião manda desfazer.,Braided roots block the road. Only the Guardian can undo them.,Raíces trenzadas cierran el camino. Solo el Guardián puede deshacerlas.
DLG_B_VELHO_1,"Três caminhos, um destino. Domador dá moeda, flor dá esqueleto, túnel dá medo.","Three paths, one destination. Tamers give coins, flowers give skeletons, the tunnel gives chills.","Tres caminos, un destino. Los domadores dan monedas, las flores dan esqueletos, el túnel da miedo."
DLG_B_VELHO_2,As raízes fecharam a estrada inteira. Só o Ramalho manda desfazer.,The roots closed the whole road. Only Ramalho can undo them.,Las raíces cerraron todo el camino. Solo Ramalho puede deshacerlas.
DLG_B_RUFO_1,Ei! Você tem cara de quem perde. Prova que eu tô errado!,Hey! You look like a loser. Prove me wrong!,¡Eh! Tienes cara de perdedor. ¡Demuestra que me equivoco!
DLG_B_RUFO_2,"Tá, tá. Cara de quem ganha. Satisfeito?","Fine, fine. You look like a winner. Happy?","Vale, vale. Cara de ganador. ¿Contento?"
DLG_B_IRIS_1,"Meus esqueletos são lentos, mas quando batem...","My skeletons are slow, but when they hit...","Mis esqueletos son lentos, pero cuando pegan..."
DLG_B_IRIS_2,Lentos e derrotados. Vou repensar a estratégia.,Slow and beaten. Time to rethink my strategy.,Lentos y derrotados. Voy a repensar mi estrategia.
DLG_B_CIPO_1,Primo do Rei mandou vigiar. Eu vigio... batalhando!,The King's cousin told me to keep watch. I watch... by battling!,El primo del Rey me mandó vigilar. Yo vigilo... ¡peleando!
DLG_B_CIPO_2,Vigiei mal. Não conta pro Ramalho.,I watched badly. Don't tell Ramalho.,Vigilé mal. No se lo cuentes a Ramalho.
DLG_B_TUNEL_LIA_1,Tá escuro... muito escuro.,It's dark... really dark.,Está oscuro... muy oscuro.
DLG_B_TUNEL_LIA_2,Tudo bem. Eu tenho luz. Eu vou na frente!,It's okay. I have light. I'll go first!,Está bien. Tengo luz. ¡Yo voy delante!
DLG_B_TUNEL_TARO_1,Escuro? Melhor. Ninguém me vê chegando.,Dark? Good. Nobody sees me coming.,¿Oscuro? Mejor. Nadie me ve llegar.
DLG_B_TUNEL_LIAR_1,Eu... eu tava só olhando a entrada. Não tô com medo!,I... I was just looking at the entrance. I'm not scared!,Yo... solo miraba la entrada. ¡No tengo miedo!
DLG_B_TUNEL_LIAR_2,Vai logo.,Just go.,Ve ya.
DLG_B_TUNEL_LIAR_3,"Tá bom, tá bom!","Okay, okay!","¡Vale, vale!"
DLG_B_RIVAL_TARO,Ramalho sabe pra onde levaram os mais velhos. Eu vou perguntar do meu jeito.,Ramalho knows where they took the elders. I'll ask him my way.,Ramalho sabe adónde llevaron a los mayores. Le voy a preguntar a mi manera.
DLG_B_RIVAL_LIA,"Atravessei sozinha! Agora me enfrenta, que eu tô corajosa!","I crossed it alone! Now fight me, I'm feeling brave!","¡Lo crucé sola! Ahora enfréntame, que estoy valiente."
DLG_B_RIVAL_BYE,"Te vejo em Ossório. Fica vivo... quer dizer, fica inteiro!","See you in Ossório. Stay alive... I mean, stay in one piece!","Nos vemos en Ossório. Sigue vivo... digo, ¡sigue entero!"
SIGN_B_RAIZAL,"Raizal. Madeira boa, chá melhor.","Rootvale. Good wood, better tea.","Raizal. Buena madera, mejor té."
SIGN_B_CLEARING,↑ Clareira do Machado (Guardião Ramalho),↑ Axe Clearing (Guardian Ramalho),↑ Claro del Hacha (Guardián Ramalho)
DLG_B_TILIA_1,"Raiz trançada não deixa ninguém sair, nem doente. Deita aí que eu cuido.","Braided roots don't let anyone out, not even the sick. Lie down, I'll take care of you.","Las raíces trenzadas no dejan salir a nadie, ni a los enfermos. Acuéstate, que yo te cuido."
DLG_B_TILIA_2,Seu esqueleto tá crescendo forte. Já viu quando faz aniversário? Vira festa.,Your skeleton's growing strong. Ever seen its birthday? It's a party.,Tu esqueleto crece fuerte. ¿Viste cuando cumple años? Es una fiesta.
DLG_B_TOCO_1,"Com a estrada fechada, eu vendo o que sobrou. E o que sobrou é caro.","With the road closed, I sell what's left. And what's left is pricey.","Con el camino cerrado, vendo lo que sobra. Y lo que sobra es caro."
DLG_B_TOCO_2,Volta quando o Ramalho cansar dessa brincadeira.,Come back when Ramalho gets tired of this game.,Vuelve cuando Ramalho se canse de este juego.
DLG_B_SALVIA_ASK,"Meu estoque de erva-de-febre acabou. Tem um pé no Bosque Velho, perto do tronco grande. Traz pra mim?","I'm out of feverweed. There's a patch in the Old Grove, near the big trunk. Could you bring me some?","Se me acabó la hierba de fiebre. Hay una mata en el Bosque Viejo, cerca del tronco grande. ¿Me la traes?"
DLG_B_SALVIA_WHERE,"Bosque Velho, atrás da vila. A erva tem flor azul.","The Old Grove, behind the village. It has blue flowers.","El Bosque Viejo, detrás de la villa. Tiene flores azules."
DLG_B_SALVIA_THANKS,"Isso! Com isso eu curo meia vila. Toma, um Reviver e meu muito obrigada.","Yes! With this I can heal half the village. Here, a Revive and my heartfelt thanks.","¡Eso! Con esto curo a media villa. Toma, un Revivir y mi más sincero gracias."
DLG_B_SALVIA_AFTER,"Quando a estrada abrir, vou mandar chá pra Vila Maré.","When the road opens, I'll send tea to Tidemark Village.","Cuando abra el camino, voy a mandar té a Villa Marea."
OBJ_HERB,Você colheu a erva-de-febre de flor azul.,You picked the blue-flowered feverweed.,Recogiste la hierba de fiebre de flor azul.
DLG_B_GRAVETO,Eu tentei desfazer as raízes com os dentes. Agora as raízes têm marca de dente.,I tried to undo the roots with my teeth. Now the roots have teeth marks.,Intenté deshacer las raíces con los dientes. Ahora las raíces tienen marcas de dientes.
DLG_B_HERA_1,"O Ramalho não é mau. É primo do Rei, e todo primo quer agradar.","Ramalho isn't bad. He's the King's cousin, and every cousin wants to please.","Ramalho no es malo. Es primo del Rey, y todo primo quiere agradar."
DLG_B_HERA_2,Dizem que todos os Guardiões são da família. Família grande dá briga grande.,"They say all the Guardians are family. Big families, big fights.","Dicen que todos los Guardianes son familia. Familia grande, pelea grande."
DLG_B_GUARDA,O Ramalho tá na Clareira. Ele adora visita... pra derrubar.,Ramalho is in the Clearing. He loves visitors... to knock over.,Ramalho está en el Claro. Le encantan las visitas... para tumbarlas.
DLG_B_GALHO_1,A gente empurra seu turno pra lá e pra cá. Treino pro Ramalho!,We'll push your turn back and forth. Ramalho training!,Te empujamos el turno de aquí para allá. ¡Entrenamiento para Ramalho!
DLG_B_GALHO_2,Viu? Golpe leve escapa do atraso.,See? Light moves dodge the delay.,¿Viste? Los golpes ligeros escapan del retraso.
DLG_B_MUSGO_1,Esporo aqui é tempero.,Spores are seasoning around here.,Aquí las esporas son condimento.
DLG_B_MUSGO_2,Leva antídoto pras Minas. Lá o ar é pior.,Bring antidotes to the Mines. The air there is worse.,Lleva antídotos a las Minas. Allí el aire es peor.
DLG_B_RAMALHO_1,"Primo do Rei, campeão de queda de braço do Bosque e dono deste machado! Você é o tal que abriu o cais?","Cousin of the King, the forest's arm-wrestling champ, and owner of this axe! Are you the one who opened the dock?","¡Primo del Rey, campeón de pulso del Bosque y dueño de esta hacha! ¿Eres tú quien abrió el muelle?"
DLG_B_RAMALHO_2,Aqui a gente espera. Quem espera não se perde. Deixa eu te ensinar a esperar!,"Around here, we wait. Those who wait don't get lost. Let me teach you how to wait!",Aquí se espera. Quien espera no se pierde. ¡Déjame enseñarte a esperar!
DLG_B_RAMALHO_WIN,"Ha! Bateu antes de eu levantar o machado. Assim não vale... vale, vale.","Ha! You hit before I could lift my axe. That's not fair... fine, it's fair.","¡Ja! Pegaste antes de que levantara el hacha. Así no vale... vale, vale."
DLG_B_RAMALHO_MOTIVE,O primo me trouxe de volta primeiro. Eu devo tudo a ele. Mas trançar o bosque inteiro... foi demais.,My cousin brought me back first. I owe him everything. But braiding the whole forest... that was too much.,Mi primo me trajo de vuelta primero. Se lo debo todo. Pero trenzar el bosque entero... fue demasiado.
DLG_B_RAMALHO_ROOTS,"Pronto: mandei desfazer as raízes da estrada. Vai, antes que eu mude de ideia!","There: I've ordered the road roots undone. Go, before I change my mind!",Listo: mandé deshacer las raíces del camino. ¡Vete antes de que cambie de idea!
DLG_B_RAMALHO_AFTER,"Se for às Minas, cuidado com a Tia Fornalha. Ela não ri de nada.","If you head to the Mines, watch out for Aunt Furnace. She doesn't laugh at anything.","Si vas a las Minas, cuidado con la Tía Fragua. No se ríe de nada."
DLG_B_RAIZERNO_1,"Um esqueleto enorme dorme fundido ao tronco. Na casca, um brasão: uma coroa sobre uma onda.",A huge skeleton sleeps fused to the trunk. Carved in the bark: a crown over a wave.,"Un esqueleto enorme duerme fundido al tronco. En la corteza, un escudo: una corona sobre una ola."
DLG_B_RAIZERNO_2,O desenho é igual ao do ingresso do museu.,The design matches the one on the museum ticket.,El dibujo es igual al de la entrada del museo.
OPT_B_WAKE,Acordar,Wake it,Despertarlo
OPT_B_LET_SLEEP,Deixar dormir,Let it sleep,Dejarlo dormir
SPK_VIGIA_LASCA,Vigia da Trilha,Trail Lookout,Vigía del Sendero
SPK_SEIXO,Seu Seixo,Old Pebble,Don Guijarro
SPK_BRITA,Brita,Grit,Grava
SPK_GRAXA,Graxa,Grease,Grasa
SPK_FULIGEM,Fuligem,Soot,Hollín
SPK_RUBI,Dona Rubi,Mrs. Ruby,Doña Rubí
SPK_COBRE,Seu Cobre,Mr. Copper,Don Cobre
SPK_PIRITA,Pirita,Pyrite,Pirita
SPK_FAGULHA,Fagulha,Spark,Chispa
SPK_TURMALINA,Vó Turmalina,Granny Tourmaline,Abuela Turmalina
SPK_CARVAO,Seu Carvão,Old Coal,Don Carbón
SPK_AGATA,Ágata,Agate,Ágata
SPK_BIGORNA,Mestre Bigorna,Master Anvil,Maestro Yunque
SPK_BLOQUEIO,Capataz Bloqueio,Foreman Blockade,Capataz Bloqueo
SPK_FORNALHA,Tia Fornalha,Aunt Furnace,Tía Fragua
BTL_TAMER_BRITA,Brita,Grit,Grava
BTL_TAMER_GRAXA,Graxa,Grease,Grasa
BTL_TAMER_FULIGEM,Fuligem,Soot,Hollín
BTL_TAMER_BIGORNA,Mestre Bigorna,Master Anvil,Maestro Yunque
BTL_TAMER_AGATA,Ágata,Agate,Ágata
BTL_TAMER_BLOQUEIO,Capataz Bloqueio,Foreman Blockade,Capataz Bloqueo
BTL_TAMER_FORNALHA,Guardiã Tia Fornalha,Guardian Aunt Furnace,Guardiana Tía Fragua
MAP_ROTA_2,Rota 2 — Trilha da Cinza,Route 2 — Ash Trail,Ruta 2 — Sendero de Ceniza
MAP_BRASAL,Brasal,Embervale,Brasal
MAP_MINA_FUNDA,Mina Funda,Deep Mine,Mina Honda
MAP_BRASAL_RANCHO,Rancho da Rubi,Ruby's Ranch,Rancho de Rubí
MAP_BRASAL_LOJA,Armazém do Cobre,Copper's Store,Almacén de Cobre
MAP_BRASAL_CASA_BIGORNA,Oficina do Bigorna,Anvil's Workshop,Taller de Yunque
MAP_BRASAL_CASA_AGATA,Casa da Ágata,Agate's House,Casa de Ágata
MAP_BRASAL_CASA_CARVAO,Casa do Carvão,Coal's House,Casa de Carbón
MSG_FORNALHA_ROAD,Correntes fecham a estrada do norte. Ordem da Tia Fornalha.,Chains block the north road. Aunt Furnace's orders.,Cadenas cierran el camino del norte. Órdenes de la Tía Fragua.
MSG_CLEARING_ROAD,O Ramalho não deixa ninguém passar pela Clareira.,Ramalho won't let anyone through the Clearing.,Ramalho no deja pasar a nadie por el Claro.
MSG_ROUTE3_LOCKED,Lama funda demais. O caminho para o Pântano ainda não está pronto.,The mud is too deep. The way to the swamp isn't ready yet.,El barro es demasiado hondo. El camino al pantano aún no está listo.
ITEM_HAMMER,Martelo da Tia,Auntie's Hammer,Martillo de la Tía
ITEM_HAMMER_TEXT,"Presente da Tia Fornalha. Quebra pedra, não quebra promessa. Abre passagens de entulho.","A gift from Aunt Furnace. Breaks stone, never a promise. Clears rubble passages.","Regalo de la Tía Fragua. Rompe piedra, no promesas. Abre pasos de escombros."
ITEM_HELMET,Capacete do Carvão,Coal's Helmet,Casco de Carbón
ITEM_HELMET_TEXT,Capacete de mineiro com lanterna. Ainda cheira a café.,A miner's helmet with a lamp. It still smells of coffee.,Casco de minero con linterna. Todavía huele a café.
OPT_M_BREAK,Quebrar a corrente,Break the chain,Romper la cadena
OPT_M_TALK,Pedir que ela solte,Ask her to let go,Pedirle que los suelte
OPT_M_RIDE,Encarar o vagonete,Face the cart,Enfrentar la vagoneta
OPT_M_LEAVE,Deixar quieto,Leave it be,Dejarlo tranquilo
SIGN_M_FORK,← Trilha dos Domadores · ↑ Galeria Velha · → Campo de Cascalho,← Tamers' Trail · ↑ Old Gallery · → Gravel Field,← Senda de Domadores · ↑ Galería Vieja · → Campo de Grava
DLG_M_VIGIA_1,"Alto! Lasca de Raiz? Deixa eu ver... É do machado do Ramalho, sim.","Halt! A Root Chip? Let me see... Yep, that's from Ramalho's axe.","¡Alto! ¿Astilla de Raíz? A ver... Sí, es del hacha de Ramalho."
DLG_M_VIGIA_2,Pode passar. Mas lá em cima não é o Bosque. Lá a Tia não ri.,"You may pass. But up there it's not the Forest. Up there, Auntie doesn't laugh.",Puedes pasar. Pero allá arriba no es el Bosque. Allá la Tía no se ríe.
DLG_M_VIGIA_3,Eu só vigio a trilha. A cinza vigia o resto.,I just watch the trail. The ash watches everything else.,Yo solo vigilo el sendero. La ceniza vigila lo demás.
DLG_M_SEIXO_1,"Domador paga em moeda, cascalho paga em esqueleto, e a Galeria Velha... paga em susto.","Tamers pay in coins, gravel pays in skeletons, and the Old Gallery... pays in frights.","Los domadores pagan en monedas, la grava paga en esqueletos y la Galería Vieja... paga en sustos."
DLG_M_SEIXO_2,Lá dentro mora um aguadeiro que canta no escuro. Bonito. Mas bate forte.,"A water-carrier lives in there, singing in the dark. Pretty. But it hits hard.",Ahí dentro vive un aguador que canta en la oscuridad. Bonito. Pero pega fuerte.
DLG_M_BRITA_1,"Capacete na cabeça, esqueleto na mão. Bora ver quem cava mais fundo!","Helmet on the head, skeleton in hand. Let's see who digs deeper!","Casco en la cabeza, esqueleto en mano. ¡A ver quién cava más hondo!"
DLG_M_BRITA_2,Cavei meu próprio buraco. Que vergonha.,I dug my own hole. How embarrassing.,Cavé mi propio hoyo. Qué vergüenza.
DLG_M_GRAXA_1,Esse vagonete não anda há meses. Eu também não. Bora mexer!,This cart hasn't moved in months. Neither have I. Let's get moving!,Esta vagoneta no se mueve hace meses. Yo tampoco. ¡A movernos!
DLG_M_GRAXA_2,Pelo menos agora eu tô suado de verdade.,At least now I'm actually sweaty.,Al menos ahora sí estoy sudado.
DLG_M_FULIGEM_1,Limpo chaminé da forja. Respiro fumaça. Meus esqueletos também. Prepara o pulmão!,I sweep the forge chimney. I breathe smoke. So do my skeletons. Brace your lungs!,Limpio la chimenea de la fragua. Respiro humo. Mis esqueletos también. ¡Prepara los pulmones!
DLG_M_FULIGEM_2,"Cof, cof. Leva um antídoto pra Mina. Lá o ar morde.","Cough, cough. Take an antidote to the Mine. The air bites in there.","Cof, cof. Lleva un antídoto a la Mina. Allí el aire muerde."
SIGN_M_BRASAL,Brasal. Aqui o fogo nunca dorme. Nem a gente.,Embervale. The fire never sleeps here. Neither do we.,Brasal. Aquí el fuego nunca duerme. Nosotros tampoco.
SIGN_M_MINE,← Mina Funda. Entrada proibida por ordem da Tia.,← Deep Mine. Entry forbidden by Auntie's orders.,← Mina Honda. Entrada prohibida por orden de la Tía.
DLG_M_RUBI_1,"Cinza no cabelo, cinza no chá, cinza no travesseiro. Deita, que pelo menos aqui é quentinho.","Ash in your hair, ash in your tea, ash on your pillow. Lie down, at least it's cozy here.","Ceniza en el pelo, en el té, en la almohada. Acuéstate, que al menos aquí está calentito."
DLG_M_RUBI_2,"Antes, o Rancho vivia cheio de mineiro com esqueleto no colo. Agora só tem você.",This Ranch used to be full of miners with skeletons on their laps. Now it's just you.,Antes el Rancho vivía lleno de mineros con esqueletos en el regazo. Ahora solo estás tú.
DLG_M_COBRE_1,Minério? Não tem. Mas poção grande eu arranjo. Do jeito que o povo apanha...,Ore? None. But I can get you big potions. The way folks get knocked around...,¿Mineral? No hay. Pero pociones grandes sí consigo. Con lo que la gente recibe...
DLG_M_COBRE_BROKE,"Com os mineiros fugidos, tudo encareceu. Não me olha assim, a culpa é de quem quebrou.","With the miners gone, everything got pricier. Don't look at me like that, blame whoever broke things.","Con los mineros huidos, todo subió. No me mires así, la culpa es de quien rompió."
DLG_M_COBRE_DEAL,"Os mineiros voltaram e o minério também. Pra você, desconto de amigo.","The miners came back, and so did the ore. Friend's discount for you.","Volvieron los mineros y el mineral también. Para ti, descuento de amigo."
DLG_M_COBRE_2,Volte sempre. E bata a cinza da bota antes de entrar.,Come back anytime. And knock the ash off your boots first.,Vuelve cuando quieras. Y sacúdete la ceniza de las botas antes de entrar.
DLG_M_PIRITA,Fiz bolo pro aniversário do meu esqueleto. Ficou com gosto de cinza. Tudo aqui tem.,I baked a cake for my skeleton's birthday. It tasted like ash. Everything here does.,Hice un pastel para el cumpleaños de mi esqueleto. Sabía a ceniza. Aquí todo sabe así.
DLG_M_PIRITA_AFTER,"A fumaça baixou! Vou fazer outro bolo. Com cobertura de verdade, dessa vez.",The smoke's gone down! I'm baking another cake. With real frosting this time.,¡Bajó el humo! Voy a hacer otro pastel. Con cobertura de verdad esta vez.
DLG_M_FAGULHA_1,Os esqueletos da Tia são duros feito pedra. Soco nem faz cócegas!,Auntie's skeletons are hard as rock. Punches don't even tickle!,¡Los esqueletos de la Tía son duros como piedra! ¡Los golpes ni les hacen cosquillas!
DLG_M_FAGULHA_2,"Mas faísca entra em qualquer fresta. Golpe Mágico bate na RES, não na DEF. Anota!","But a spark gets into any crack. Magic moves hit RES, not DEF. Write that down!","Pero una chispa entra por cualquier rendija. Los golpes Mágicos van contra RES, no DEF. ¡Apúntalo!"
DLG_M_TURMALINA_1,"A Fornalha forjou o sino desta cidade, no tempo do reino. Agora só forja corrente.","Furnace forged this town's bell, back in the kingdom days. Now she only forges chains.","La Fragua forjó la campana de este pueblo, en tiempos del reino. Ahora solo forja cadenas."
DLG_M_TURMALINA_2,"Tia do Rei, dizem. Cuidava dele quando ele era menino. Quem cuida demais, prende.","The King's aunt, they say. She looked after him as a boy. Those who care too much end up caging.","Tía del Rey, dicen. Lo cuidaba de niño. Quien cuida de más, termina encerrando."
DLG_M_CARVAO_ASK,"A Tia expulsou os mineiros de gente. Na correria, larguei meu capacete na Mina Funda. Busca pra mim?","Auntie threw out all the human miners. In the rush, I left my helmet in the Deep Mine. Fetch it for me?","La Tía echó a los mineros humanos. Con las prisas, dejé mi casco en la Mina Honda. ¿Me lo traes?"
DLG_M_CARVAO_WHERE,"Na câmara do sul da mina, perto dos trilhos. A lanterna ainda deve estar acesa.","In the mine's south chamber, by the rails. The lamp should still be lit.","En la cámara sur de la mina, junto a los rieles. La linterna debe seguir encendida."
DLG_M_CARVAO_THANKS,"Meu capacete! Quarenta anos de mina nessa lata. Toma, duas Poções G. E olha o mapa ali na parede.","My helmet! Forty years of mining in this tin. Here, two Potions L. And take a look at the map on the wall.","¡Mi casco! Cuarenta años de mina en esta lata. Toma, dos Pociones G. Y mira el mapa de la pared."
DLG_M_CARVAO_AFTER,Esse mapa é mais velho que a mina. Meu avô dizia que o mar desenhou ele sozinho.,That map is older than the mine. My grandpa said the sea drew it by itself.,Ese mapa es más viejo que la mina. Mi abuelo decía que el mar lo dibujó solo.
OBJ_M_HELMET,"Um capacete com a lanterna acesa, caído entre os trilhos.","A helmet with its lamp still lit, lying between the rails.","Un casco con la linterna encendida, tirado entre los rieles."
DLG_M_MAP_1,"Um mapa antigo da costa, com três baías lado a lado e um farol na do meio.","An old map of the coast, with three bays side by side and a lighthouse on the middle one.","Un mapa antiguo de la costa, con tres bahías una al lado de otra y un faro en la del medio."
DLG_M_MAP_2,"Você conhece essas três baías. São as da sua cidade, em 2040. Só os nomes estão errados.","You know these three bays. They're your hometown's, in 2040. Only the names are wrong.","Conoces estas tres bahías. Son las de tu ciudad, en 2040. Solo los nombres están mal."
DLG_M_MAP_3,Coincidência... não é?,Just a coincidence... right?,Una coincidencia... ¿no?
DLG_M_BIGORNA_1,Aqui se treina defesa. Meus esqueletos sobem a guarda até você cansar de bater.,We train defense here. My skeletons raise their guard until you're tired of hitting.,Aquí se entrena defensa. Mis esqueletos suben la guardia hasta que te canses de pegar.
DLG_M_BIGORNA_2,"Contra parede, não empurra: procura a fresta. A Tia luta igualzinho.","Against a wall, don't push: find the crack. Auntie fights the same way.","Contra un muro, no empujes: busca la grieta. La Tía pelea igualito."
DLG_M_AGATA_1,Gás de mina é perfume pra mim. Aguenta três rodadas de veneno?,Mine gas is perfume to me. Can you take three rounds of poison?,El gas de mina es perfume para mí. ¿Aguantas tres rondas de veneno?
DLG_M_AGATA_2,"Aguentou. Leva esses antídotos, você mereceu respirar.","You held out. Take these antidotes, you've earned some fresh air.","Aguantaste. Llévate estos antídotos, te ganaste respirar."
DLG_M_ROAD_GUARD,Ordem da Tia: ninguém sai. Nem eu. E olha que eu queria.,"Auntie's orders: nobody leaves. Not even me. And believe me, I'd like to.",Orden de la Tía: nadie sale. Ni yo. Y mira que me gustaría.
DLG_M_BLOQ_1,"Turno da noite, turno do dia, turno de bater em intruso. Hoje é o terceiro.","Night shift, day shift, intruder-bashing shift. Today's the third one.","Turno de noche, turno de día, turno de golpear intrusos. Hoy toca el tercero."
DLG_M_BLOQ_2,Tá. Pode ir até a forja. Mas eu não vi você.,Fine. Go on to the forge. But I never saw you.,Vale. Sigue hasta la fragua. Pero yo no te vi.
DLG_M_SCARF_0,"Um lenço vermelho com bolinhas amarelas, preso num prego da viga.","A red scarf with yellow dots, caught on a nail in the beam.","Un pañuelo rojo con lunares amarillos, enganchado en un clavo de la viga."
DLG_M_SCARF_T1,Esse lenço... é da minha mãe. Ela amarrava no meu pescoço quando eu tinha frio.,This scarf... it's my mom's. She'd tie it around my neck when I was cold.,Este pañuelo... es de mi mamá. Me lo ataba al cuello cuando tenía frío.
DLG_M_SCARF_T2,Ela passou por aqui. Então ela tá... inteira. Tá inteira.,She came through here. So she's... in one piece. She's in one piece.,Pasó por aquí. Entonces está... entera. Está entera.
DLG_M_SCARF_T3,Vamos mais rápido. Por favor.,Let's go faster. Please.,Vamos más rápido. Por favor.
DLG_M_SCARF_R1,Ei. Não encosta. Esse lenço é da minha mãe.,Hey. Don't touch that. That scarf is my mom's.,Eh. No lo toques. Ese pañuelo es de mi mamá.
DLG_M_SCARF_R2,"Os capangas trouxeram os levados por esta mina, rumo ao norte. Ela tá viva... quer dizer, inteira.","The henchmen brought the ones they took through this mine, heading north. She's alive... I mean, in one piece.","Los secuaces trajeron a los que se llevaron por esta mina, rumbo al norte. Está viva... digo, entera."
DLG_M_SCARF_L1,"A gente ajuda a procurar, Taro! Eu ilumino, você corre.","We'll help you look, Taro! I'll light the way, you run.","¡Te ayudamos a buscar, Taro! Yo ilumino, tú corres."
DLG_M_SCARF_R3,...Valeu. Mas eu vou na frente. Sempre vou.,...Thanks. But I'm going ahead. I always do.,...Gracias. Pero yo voy delante. Siempre.
DLG_M_VAGO_1,"Um vagonete com cara de esqueleto desce os trilhos sozinho, livre e furioso.","A cart with a skeleton's face rolls down the rails on its own, free and furious.","Una vagoneta con cara de esqueleto baja sola por los rieles, libre y furiosa."
DLG_M_FOR_1,Regra um: ninguém entra na forja sem bater. Você não bateu.,Rule one: nobody enters the forge without knocking. You didn't knock.,Regla uno: nadie entra en la fragua sin llamar. Tú no llamaste.
DLG_M_FOR_2,"Eu forjo as correntes que fecham as estradas. Estrada fechada, ninguém se perde. Simples.","I forge the chains that close the roads. Closed road, nobody gets lost. Simple.","Yo forjo las cadenas que cierran los caminos. Camino cerrado, nadie se pierde. Simple."
DLG_M_FOR_3,"Regra dois: quem quer passar, aguenta o calor. Vamos ver.","Rule two: whoever wants through, takes the heat. Let's see.","Regla dos: quien quiere pasar, aguanta el calor. A ver."
DLG_M_FOR_WIN,"Hmpf. Regra três: quem vence, fala. Fala logo.","Hmph. Rule three: the winner speaks. Speak, then.","Hmpf. Regla tres: quien gana, habla. Habla ya."
DLG_M_FOR_MOTIVE,"O Rei é meu sobrinho. Quando a coroa rachar, a família vai embora de novo. Enquanto houver corrente, ninguém vai.","The King is my nephew. When the crown cracks, the family goes away again. As long as there are chains, nobody goes.","El Rey es mi sobrino. Cuando la corona se rompa, la familia se irá otra vez. Mientras haya cadenas, nadie se va."
DLG_M_FOR_CHOICE,A corrente mestra prende todos os mineiros à forja. O que você vai fazer?,The master chain binds every miner to the forge. What will you do?,La cadena maestra ata a todos los mineros a la fragua. ¿Qué vas a hacer?
DLG_M_BREAK_1,Você puxa a alavanca da forja. A corrente mestra estoura com um estrondo.,You pull the forge lever. The master chain bursts with a bang.,Tiras de la palanca de la fragua. La cadena maestra revienta con un estruendo.
DLG_M_BREAK_2,"Sem ordem, eles vão correr pro escuro! Olha só!","Without orders, they'll run off into the dark! Look!","¡Sin órdenes, van a correr a la oscuridad! ¡Mira!"
DLG_M_BREAK_3,Os esqueletos mineiros fogem pelas galerias. Um vagonete desgovernado some trilho abaixo.,The miner skeletons flee down the galleries. A runaway cart vanishes down the rails.,Los esqueletos mineros huyen por las galerías. Una vagoneta desbocada se pierde rieles abajo.
DLG_M_BREAK_4,Vai. A estrada tá aberta. E não volta pedindo desconto.,Go. The road is open. And don't come back asking for a discount.,Vete. El camino está abierto. Y no vuelvas pidiendo descuento.
DLG_M_TALK_1,Pedir? Faz cem anos que ninguém me pede nada. Só obedecem.,Ask? Nobody's asked me anything in a hundred years. They just obey.,¿Pedir? Hace cien años que nadie me pide nada. Solo obedecen.
DLG_M_TALK_2,"...Regra quatro, que eu acabei de inventar: quem pede direito, recebe direito.","...Rule four, which I just made up: whoever asks properly, gets properly.","...Regla cuatro, que acabo de inventar: quien pide bien, recibe bien."
DLG_M_TALK_3,"Turno encerrado! Soltem as correntes e vão pra casa. Amanhã, quem quiser, volta.","Shift's over! Drop the chains and go home. Tomorrow, whoever wants to, comes back.","¡Se acabó el turno! Suelten las cadenas y a casa. Mañana, quien quiera, vuelve."
DLG_M_TALK_4,"Leva meu martelo. Quebra pedra, não quebra promessa. Vai ter entulho no caminho do Pântano.","Take my hammer. It breaks stone, never a promise. There'll be rubble on the way to the Swamp.","Llévate mi martillo. Rompe piedra, no promesas. Habrá escombros camino al Pantano."
DLG_M_FOR_BYE,"Se encontrar a Musga no Pântano, manda ela comer direito. É ordem da tia.","If you see Musga in the Swamp, tell her to eat properly. Auntie's orders.","Si ves a Musga en el Pantano, dile que coma bien. Orden de la tía."
DLG_M_FOR_AFTER_DEAL,Os mineiros voltaram sozinhos. Trabalham mais rápido sem corrente. Não conta pra ninguém.,The miners came back on their own. They work faster without chains. Don't tell anyone.,Los mineros volvieron solos. Trabajan más rápido sin cadenas. No se lo cuentes a nadie.
DLG_M_FOR_AFTER_BREAK,As galerias estão vazias. Espero que você saiba o que fez.,The galleries are empty. I hope you know what you did.,Las galerías están vacías. Espero que sepas lo que hiciste.
DLG_M_MINER_CHAINED,Clang. Clang. Clang. O esqueleto não para de martelar. Nem olha pra você.,Clang. Clang. Clang. The skeleton won't stop hammering. It doesn't even look at you.,Clang. Clang. Clang. El esqueleto no deja de martillar. Ni te mira.
DLG_M_MINER_FREE,"O esqueleto mineiro martela devagar, cantarolando. Ninguém mandou: ele quis.","The miner skeleton hammers slowly, humming. Nobody ordered it: it wanted to.","El esqueleto minero martilla despacio, tarareando. Nadie se lo ordenó: quiso."
DLG_M_ARR_R2_L1,Por que tudo aqui é cinza? Até a grama! Será que alguém pintou?,Why is everything gray here? Even the grass! Did someone paint it?,¿Por qué aquí todo es gris? ¡Hasta la hierba! ¿Alguien la pintó?
DLG_M_ARR_R2_L2,"Ah, é fumaça. Tem uma chaminé enorme lá no norte. Quem acende um fogo desse tamanho?","Oh, it's smoke. There's a huge chimney up north. Who lights a fire that big?","Ah, es humo. Hay una chimenea enorme al norte. ¿Quién enciende un fuego tan grande?"
DLG_M_ARR_R2_T1,Cheiro de forja. Meu pai cheirava assim quando voltava do trabalho.,Smells like a forge. My dad smelled like this when he came home from work.,Huele a fragua. Mi papá olía así cuando volvía del trabajo.
DLG_M_ARR_R2_T2,...Anda. Tô com pressa.,...Come on. I'm in a hurry.,...Vamos. Tengo prisa.
DLG_M_ARR_BR_L1,Ninguém na rua... As janelas tão fechadas por causa da cinza?,Nobody in the streets... Are the windows shut because of the ash?,Nadie en la calle... ¿Las ventanas están cerradas por la ceniza?
DLG_M_ARR_BR_L2,"Se eu fosse uma cidade, ia querer alguém pra abrir as janelas.","If I were a town, I'd want someone to open my windows.","Si yo fuera un pueblo, querría que alguien abriera mis ventanas."
DLG_M_ARR_BR_T1,Cidade parada. Mina fechada. A Tia manda em tudo aqui.,Town's stuck. Mine's shut. Auntie runs everything here.,Pueblo parado. Mina cerrada. La Tía manda en todo aquí.
DLG_M_ARR_BR_T2,Ótimo. Mais uma pra eu derrubar.,Great. One more for me to knock down.,Genial. Una más para tumbar.
DLG_M_ARR_MI_L1,Escuro de novo. Mas agora eu sei: escuro é só lugar sem lamparina ainda.,Dark again. But now I know: dark is just a place that doesn't have a lamp yet.,Oscuro otra vez. Pero ahora lo sé: lo oscuro es solo un lugar sin farol todavía.
DLG_M_ARR_MI_T1,Ouviu? Martelo. Muito martelo. Tem gente trabalhando sem parar lá dentro.,Hear that? Hammering. Lots of it. Someone's working nonstop in there.,¿Oyes? Martillos. Muchos. Alguien trabaja sin parar ahí dentro.
DLG_M_RUBI_AFTER,"A fumaça baixou! Hoje de manhã vi o céu. Era azul, imagina.","The smoke went down! This morning I saw the sky. It was blue, can you imagine.","¡Bajó el humo! Esta mañana vi el cielo. Era azul, imagínate."
DLG_M_TURMALINA_AFTER,Ouvi o sino da cidade tocar de novo. Quem será que lembrou dele?,I heard the town bell ring again. I wonder who remembered it.,Oí la campana del pueblo sonar otra vez. ¿Quién se habrá acordado de ella?
DLG_M_FAGULHA_AFTER,Você venceu a Tia? Com faísca ou com soco? Fala que foi com faísca!,You beat Auntie? With sparks or punches? Say it was sparks!,¿Venciste a la Tía? ¿Con chispa o con puñetazo? ¡Di que fue con chispa!
DLG_M_PIRITA_ASK,"Amanhã é aniversário do meu Gasito, e vela nenhuma acende com tanta cinza.","Tomorrow is my Gasito's birthday, and no candle stays lit with all this ash.","Mañana es el cumpleaños de mi Gasito, y ninguna vela prende con tanta ceniza."
DLG_M_PIRITA_ASK1,Dizem que na Galeria Velha tem cristal que brilha sozinho...,They say the Old Gallery has crystals that glow on their own...,Dicen que en la Galería Vieja hay cristales que brillan solos...
DLG_M_PIRITA_ASK2,Traz um pra mim? Vela que não apaga é a melhor vela.,Would you bring me one? A candle that never goes out is the best candle.,¿Me traes uno? Una vela que no se apaga es la mejor vela.
DLG_M_PIRITA_WHERE,"Galeria Velha, no meio da Rota 2. O cristal fica perto da saída norte.","The Old Gallery, in the middle of Route 2. The crystal is near the north exit.","La Galería Vieja, en medio de la Ruta 2. El cristal está cerca de la salida norte."
OBJ_M_CRYSTAL,"Um cristal do tamanho de um polegar, quentinho e brilhando sozinho.","A thumb-sized crystal, warm and glowing on its own.","Un cristal del tamaño de un pulgar, tibio y brillando solo."
DLG_M_PIRITA_PARTY1,"Achou! Gasito, olha a vela! Parabéns pra você, nessa cinza tão...","You found it! Gasito, look at the candle! Happy birthday to you, in this ash so...","¡Lo encontraste! ¡Gasito, mira la vela! Cumpleaños feliz, en esta ceniza tan..."
DLG_M_PIRITA_PARTY2,"O Gasito sopra o cristal. Não apaga, claro. Ele sopra de novo, mais forte. Todo mundo ri.","Gasito blows on the crystal. It doesn't go out, of course. He blows harder. Everyone laughs.","Gasito sopla el cristal. No se apaga, claro. Sopla otra vez, más fuerte. Todos se ríen."
DLG_M_PIRITA_PARTY3,"Toma, duas Poções M. E um pedaço de bolo... com só um pouquinho de cinza.","Here, two Potions M. And a slice of cake... with just a little bit of ash.","Toma, dos Pociones M. Y un trozo de pastel... con solo un poquito de ceniza."
ITEM_CRYSTAL,Cristal-vela,Candle Crystal,Cristal Vela
ITEM_CRYSTAL_TEXT,Brilha sozinho e não apaga com sopro. A Pirita quer para um bolo.,Glows on its own and won't blow out. Pyrite wants it for a cake.,Brilla solo y no se apaga al soplar. Pirita lo quiere para un pastel.
SPK_CASCUDO,Cascudo,Pebbles,Pedrusco
DLG_M_CASCUDO_1,Eu cato cristal aqui. Uma vez vi um esqueleto dourado brilhando mais que todos eles juntos!,I collect crystals here. Once I saw a golden skeleton shining brighter than all of them together!,Aquí recojo cristales. ¡Una vez vi un esqueleto dorado que brillaba más que todos juntos!
DLG_M_CASCUDO_2,"Ele piscava e fazia tlin-tlin. Se ouvir esse som, corre atrás!","It sparkled and went ting-ting. If you hear that sound, chase it!","Centelleaba y hacía tilín-tilín. ¡Si oyes ese sonido, corre tras él!"
SPK_REMANSO,Barqueiro Remanso,Boatman Backwater,Barquero Remanso
SPK_TRAIRA,Traíra,Pike,Lucio
SPK_CANICO,Caniço,Rod,Caña
SPK_MARRECO,Marreco,Teal,Cerceta
SPK_GARCA,Dona Garça,Mrs. Heron,Doña Garza
SPK_JUNCO,Seu Junco,Mr. Rush,Don Junco
SPK_TABOA,Irmãs Taboa,Cattail Sisters,Hermanas Totora
SPK_BAGRE,Pescador Bagre,Fisher Catfish,Pescador Bagre
SPK_NEBLINA,Vó Neblina,Granny Fog,Abuela Neblina
SPK_GIRINO,Girino,Tadpole,Renacuajo
SPK_SAPE,Seu Sapé,Old Thatch,Don Paja
SPK_LODO,Lodo,Silt,Limo
SPK_PENA,Dona Pena,Mrs. Quill,Doña Pluma
SPK_FEL,Boticário Fel,Apothecary Bile,Boticario Hiel
SPK_MUSGA,Musga,Musga,Musga
BTL_TAMER_TRAIRA,Traíra,Pike,Lucio
BTL_TAMER_CANICO,Caniço,Rod,Caña
BTL_TAMER_MARRECO,Marreco,Teal,Cerceta
BTL_TAMER_TABOA,Irmãs Taboa,Cattail Sisters,Hermanas Totora
BTL_TAMER_BAGRE,Pescador Bagre,Fisher Catfish,Pescador Bagre
BTL_TAMER_NEBLINA,Vó Neblina,Granny Fog,Abuela Neblina
BTL_TAMER_FEL,Boticário Fel,Apothecary Bile,Boticario Hiel
BTL_TAMER_MUSGA,Guardiã Musga,Guardian Musga,Guardiana Musga
MAP_ROTA_3,Rota 3 — Trilha das Palafitas,Route 3 — Stilt Trail,Ruta 3 — Sendero de Palafitos
MAP_BREJO,Brejo Alto,Highmarsh,Ciénaga Alta
MAP_CALDEIRAO,Caldeirão da Musga,Musga's Cauldron,Caldero de Musga
MAP_BREJO_RANCHO,Rancho da Garça,Heron's Ranch,Rancho de Garza
MAP_BREJO_LOJA,Venda do Junco,Rush's Shop,Tienda de Junco
MAP_BREJO_CASA_TABOA,Casa das Irmãs Taboa,Cattail Sisters' House,Casa de las Hermanas Totora
MAP_BREJO_CASA_BAGRE,Casa do Bagre,Catfish's House,Casa de Bagre
MAP_BREJO_CASA_NEBLINA,Casa da Vó Neblina,Granny Fog's House,Casa de la Abuela Neblina
MSG_MUSGA_ROAD,A névoa da Musga engole a estrada do norte. Ninguém acha o caminho.,Musga's fog swallows the north road. Nobody can find the way.,La niebla de Musga se traga el camino del norte. Nadie encuentra el rumbo.
MSG_NEBLINA_DOOR,"Porta trancada. Lá dentro, alguém tosse baixinho.",The door is locked. Someone inside is coughing softly.,"Puerta cerrada. Dentro, alguien tose bajito."
ITEM_MAILBAG,Malote da Pena,Quill's Mailbag,Saca de Pluma
ITEM_MAILBAG_TEXT,"Cartas da vila inteira, todas abertas e com bilhetinhos da Musga.","Letters from the whole village, all opened and with notes from Musga.","Cartas de toda la aldea, todas abiertas y con notitas de Musga."
OPT_PA_DONATE,Doar antídotos,Donate antidotes,Donar antídotos
OPT_PA_KEEP,Guardar,Keep them,Guardarlos
OPT_PA_FIGHT_MIST,Enfrentar a névoa,Face the fog,Enfrentar la niebla
SIGN_PA_FORK,← Trilha das Tábuas · ↑ Passagem do Desmoronamento · → Capinzal,← Boardwalk Trail · ↑ Rockfall Pass · → Tallgrass,← Sendero de Tablas · ↑ Paso del Derrumbe · → Pastizal
OBJ_PA_RUBBLE,Entulho de um desmoronamento antigo. Um martelo forte daria conta.,Rubble from an old rockfall. A strong hammer would do the trick.,Escombros de un derrumbe antiguo. Un martillo fuerte bastaría.
DLG_PA_REMANSO_1,"Três trilhas: na das tábuas tem gente brava, no capim tem bicho, e no meio tem pedra caída.","Three trails: the boardwalk has grumpy folks, the tall grass has critters, and the middle has fallen rock.","Tres senderos: en las tablas hay gente brava, en el pasto hay bichos y en medio hay piedras caídas."
DLG_PA_REMANSO_2,Antes eu levava todo mundo de barco. Agora a névoa não deixa nem o barco sair.,I used to ferry everyone by boat. Now the fog won't even let the boat leave.,Antes llevaba a todos en barca. Ahora la niebla no deja salir ni a la barca.
DLG_PA_REMANSO_HAMMER,Esse martelo é da Tia Fornalha? Então a pedra do meio já era!,Is that Aunt Furnace's hammer? Then the middle rocks are history!,¿Ese martillo es de la Tía Fragua? ¡Entonces las piedras del medio ya fueron!
DLG_PA_TRAIRA_1,"Pesco esqueleto, não peixe. Peixe não revida. Vamos!","I fish for skeletons, not fish. Fish don't fight back. Let's go!","Pesco esqueletos, no peces. Los peces no se defienden. ¡Vamos!"
DLG_PA_TRAIRA_2,Escapou do anzol. Dessa vez.,Got off the hook. This time.,Te escapaste del anzuelo. Esta vez.
DLG_PA_CANICO_1,Eu tinha uma vara de pescar. Agora tenho um esqueleto que segura a vara pra mim.,I used to have a fishing rod. Now I have a skeleton who holds the rod for me.,Tenía una caña de pescar. Ahora tengo un esqueleto que me sostiene la caña.
DLG_PA_CANICO_2,Ele também não pesca nada. Mas é ótima companhia.,He doesn't catch anything either. But he's great company.,Él tampoco pesca nada. Pero es muy buena compañía.
DLG_PA_MARRECO_1,Meus patos fugiram da névoa. Meus esqueletos ficaram. Sabe por quê? Lealdade!,My ducks fled the fog. My skeletons stayed. Know why? Loyalty!,Mis patos huyeron de la niebla. Mis esqueletos se quedaron. ¿Sabes por qué? ¡Lealtad!
DLG_PA_MARRECO_2,Leva esses antídotos. Lá na vila tão precisando mais que eu.,Take these antidotes. The village needs them more than I do.,Llévate estos antídotos. En la aldea los necesitan más que yo.
DLG_PA_ARR_L1,"Vaga-lumes! Olha, eles acendem um pro outro achar o caminho.","Fireflies! Look, they light up so the others can find the way.","¡Luciérnagas! Mira, se encienden para que los demás encuentren el camino."
DLG_PA_ARR_L2,Igual farol. Só que pequenininho.,Like a lighthouse. Just a tiny one.,Como un faro. Solo que chiquitito.
DLG_PA_ARR_T1,Lama até o joelho. Ótimo.,Mud up to my knees. Great.,Barro hasta las rodillas. Genial.
DLG_PA_ARR_T2,"Se meu pai tivesse aqui, já tinha feito uma ponte.","If my dad were here, he'd have built a bridge by now.","Si mi papá estuviera aquí, ya habría hecho un puente."
SIGN_PA_BREJO,"Brejo Alto. Casa com perna, gente com fôlego.","Highmarsh. Houses with legs, folks with lungs.","Ciénaga Alta. Casas con patas, gente con pulmones."
SIGN_PA_CAULDRON,← Caldeirão da Musga. Fila do remédio: de manhã.,← Musga's Cauldron. Medicine line: mornings.,← Caldero de Musga. Fila del remedio: por la mañana.
DLG_PA_ARR_BL1,Casas de perna comprida! Será que elas andam quando ninguém tá olhando?,Long-legged houses! Do you think they walk when nobody's looking?,¡Casas de patas largas! ¿Caminarán cuando nadie mira?
DLG_PA_ARR_BT1,Todo mundo tossindo. Isso não é doença. É alguém fazendo.,Everyone's coughing. That's no sickness. Someone's doing it.,Todos tosiendo. Eso no es enfermedad. Alguien lo está haciendo.
DLG_PA_GARCA_1,"A névoa desce toda noite. De manhã, fila na porta da Musga pra buscar o remédio dela.","The fog rolls in every night. In the morning, everyone lines up at Musga's door for her medicine.","La niebla baja cada noche. Por la mañana, fila en la puerta de Musga para buscar su remedio."
DLG_PA_GARCA_2,Meu antídoto acabou. As crianças tossem e eu só tenho chá de capim.,I'm out of antidotes. The kids are coughing and all I have is grass tea.,Se me acabaron los antídotos. Los niños tosen y solo tengo té de pasto.
DLG_PA_GARCA_ASK,Você carrega antídotos... Doaria alguns pras crianças? Até três já curam a rua inteira.,You're carrying antidotes... Would you donate some for the kids? Up to three would cure the whole street.,Llevas antídotos... ¿Donarías algunos para los niños? Hasta tres curan la calle entera.
DLG_PA_GARCA_NONE,"Se arranjar antídoto, as crianças agradecem. A Vó Neblina também.","If you come across antidotes, the kids would be grateful. Granny Fog too.","Si consigues antídotos, los niños te lo agradecerán. La abuela Neblina también."
DLG_PA_DONATE_1,Isso cura a rua das crianças inteirinha. E sobra pra Vó Neblina!,This will cure the whole kids' street. And there's some left for Granny Fog!,Esto cura toda la calle de los niños. ¡Y sobra para la abuela Neblina!
DLG_PA_DONATE_2,"Ela era domadora das boas. Quando melhorar, vai querer te conhecer.","She was a fine tamer. Once she's better, she'll want to meet you.","Era una domadora de las buenas. Cuando mejore, querrá conocerte."
DLG_PA_KEEP,Entendo. Estrada longa pede bolso cheio. O chá vai ter que dar conta.,I understand. A long road calls for full pockets. The tea will have to do.,Entiendo. Camino largo pide bolsillo lleno. El té tendrá que bastar.
DLG_PA_GARCA_AFTER,A névoa parou! Agora é só esperar a tosse ir embora sozinha.,The fog stopped! Now we just wait for the coughs to leave on their own.,¡La niebla paró! Ahora solo hay que esperar que la tos se vaya sola.
DLG_PA_JUNCO_1,Antídoto? Acabou faz uma semana. A Musga compra tudo pra ninguém mais ter.,Antidotes? Sold out a week ago. Musga buys them all so nobody else has any.,¿Antídotos? Se acabaron hace una semana. Musga los compra todos para que nadie más tenga.
DLG_PA_JUNCO_2,"Poção eu tenho. Remédio de verdade, só ela. Esperta, a moça.","Potions I've got. Real medicine, only she does. Clever girl.","Pociones tengo. Remedio de verdad, solo ella. Lista, la muchacha."
DLG_PA_GIRINO,Eu prendo a respiração quando a névoa desce. Meu recorde é três segundos.,I hold my breath when the fog comes down. My record is three seconds.,Aguanto la respiración cuando baja la niebla. Mi récord es tres segundos.
DLG_PA_GIRINO_AFTER,Agora eu respiro à vontade! Já tô no recorde de mil segundos.,Now I can breathe all I want! I'm already at a thousand-second record.,¡Ahora respiro todo lo que quiero! Ya voy por el récord de mil segundos.
DLG_PA_SAPE_1,"A Musga é sobrinha do Rei. Dizem que da primeira vez ela se foi sozinha, numa torre que ninguém visitava.","Musga is the King's niece. They say the first time around she passed alone, in a tower nobody visited.","Musga es sobrina del Rey. Dicen que la primera vez se fue sola, en una torre que nadie visitaba."
DLG_PA_SAPE_2,Gente esquecida faz cada coisa pra ser lembrada...,Forgotten folks do the strangest things to be remembered...,La gente olvidada hace cada cosa para que la recuerden...
DLG_PA_LODO_1,"Veneno dura de três a cinco turnos. Antídoto cedo poupa vida; tarde, poupa antídoto.",Poison lasts three to five turns. An early antidote saves health; a late one saves antidotes.,"El veneno dura de tres a cinco turnos. Antídoto temprano ahorra vida; tarde, ahorra antídoto."
DLG_PA_LODO_2,A equipe da Musga se cura enquanto você se envenena. Bate primeiro em quem cura.,Musga's team heals while you get poisoned. Hit the healer first.,El equipo de Musga se cura mientras tú te envenenas. Golpea primero al que cura.
DLG_PA_PENA_ASK,O capanga da Musga levou meu malote! Ela lê as cartas de todo mundo.,Musga's henchman took my mailbag! She reads everybody's letters.,¡El secuaz de Musga se llevó mi saca! Ella lee las cartas de todo el mundo.
DLG_PA_PENA_WHERE,"Fica no Caldeirão, a oeste. Cuidado com o boticário de óculos.","It's in the Cauldron, to the west. Watch out for the apothecary in glasses.","Está en el Caldero, al oeste. Cuidado con el boticario de gafas."
OBJ_PA_MAILBAG,O malote da Dona Pena. As cartas estão abertas... e anotadas.,Mrs. Quill's mailbag. The letters are open... and annotated.,La saca de doña Pluma. Las cartas están abiertas... y anotadas.
DLG_PA_PENA_THANKS,"Meu malote! E olha só: alguém escreveu ""que fofo"" em todas as cartas.","My mailbag! And look: someone wrote ""how sweet"" on every single letter.","¡Mi saca! Y mira: alguien escribió ""qué tierno"" en todas las cartas."
DLG_PA_PENA_REWARD,"Toma, um Reviver e dois antídotos. Carteira paga em dobro quando a carta chega.","Here, a Revive and two antidotes. A mail carrier pays double when the letter arrives.","Toma, un Revivir y dos antídotos. La cartera paga el doble cuando llega la carta."
DLG_PA_PENA_AFTER,"Hoje entreguei uma carta até pra Musga. Ela chorou. De alegria, eu acho.","Today I even delivered a letter to Musga. She cried. Happy tears, I think.","Hoy hasta le entregué una carta a Musga. Lloró. De alegría, creo."
DLG_PA_PENA_WAIT,"Sem malote, sem carta. Sem carta, a vila fica muda.","No mailbag, no letters. No letters, the village goes quiet.","Sin saca, no hay cartas. Sin cartas, la aldea se queda muda."
DLG_PA_TABOA_1,"Uma envenena, a outra também! Treino de antídoto, cortesia da casa.","One poisons, and so does the other! Antidote practice, on the house.","¡Una envenena y la otra también! Práctica de antídoto, cortesía de la casa."
DLG_PA_TABOA_2,Veneno em dobro acaba rápido... pra quem tem antídoto.,Double poison ends fast... for those with antidotes.,El veneno doble se acaba rápido... para quien tiene antídoto.
DLG_PA_BAGRE_1,Meu Marretão aguenta pancada e meu Regalírio cura. Quero ver você cansar a gente.,My Marretão takes hits and my Regalírio heals. Let's see you wear us down.,Mi Marretão aguanta golpes y mi Regalírio cura. A ver si nos cansas.
DLG_PA_BAGRE_2,"Cansou a gente. Peixe grande cansa, sabia?","You wore us down. Big fish get tired too, you know.","Nos cansaste. Los peces grandes también se cansan, ¿sabías?"
DLG_PA_NEBLINA_1,"Foi você que mandou os antídotos? Que a névoa nunca te ache, criança.","Was it you who sent the antidotes? May the fog never find you, child.","¿Fuiste tú quien mandó los antídotos? Que la niebla nunca te encuentre, criatura."
DLG_PA_NEBLINA_2,Agradeço do jeito antigo: com uma boa batalha!,I'll thank you the old way: with a good battle!,Te lo agradezco a la antigua: ¡con una buena batalla!
DLG_PA_NEBLINA_3,"Minha velha Brumaga fugiu pro caldeirão quando a névoa veio. Se ela te achar digno, vai com você.","My old Brumaga fled to the cauldron when the fog came. If she finds you worthy, she'll go with you.","Mi vieja Brumaga huyó al caldero cuando llegó la niebla. Si te encuentra digno, se irá contigo."
DLG_PA_GARCA_3,"Quer deixar algum esqueleto descansando? Cama de palafita balança, mas embala.","Want to leave a skeleton here to rest? Stilt beds sway, but they rock you to sleep.","¿Quieres dejar algún esqueleto descansando? Las camas de palafito se mecen, pero arrullan."
DLG_PA_TR_1,Eu ouvi a bruxa da névoa. Castelo. Meus pais tão no castelo.,I heard the fog witch. The castle. My parents are at the castle.,Oí a la bruja de la niebla. El castillo. Mis padres están en el castillo.
DLG_PA_TR_2,Não faz essa cara. Eu já sabia que era longe.,Don't make that face. I already knew it was far.,No pongas esa cara. Ya sabía que era lejos.
DLG_PA_TR_L,"Taro! A gente vai junto até lá, tá? Ninguém se perde se for junto.","Taro! We'll go there together, okay? Nobody gets lost if we go together.","¡Taro! Vamos juntos hasta allá, ¿sí? Nadie se pierde si vamos juntos."
DLG_PA_TR_3,...Tá. Mas eu chego primeiro.,...Fine. But I'm getting there first.,...Vale. Pero yo llego primero.
DLG_PA_ARR_CL1,Cheira a sopa estragada... e a alguém muito sozinho.,Smells like spoiled soup... and like someone very lonely.,Huele a sopa echada a perder... y a alguien muy solo.
DLG_PA_ARR_CT1,Ela tá aí. Dá pra ouvir ela cantando com a panela.,She's in there. You can hear her singing to the pot.,Está ahí. Se la oye cantándole a la olla.
DLG_PA_FEL_1,"Receita da Musga: uma pitada de névoa, duas de segredo, e nenhum intruso.","Musga's recipe: a pinch of fog, two of secrets, and no intruders.","Receta de Musga: una pizca de niebla, dos de secreto y ningún intruso."
DLG_PA_FEL_2,"Errei a dose. Pode passar, mas não conta pra ela.","I got the dose wrong. Go ahead, but don't tell her.","Me equivoqué de dosis. Pasa, pero no se lo cuentes."
DLG_PA_BRUMAGA,Uma névoa com olhos se enrola nos juncos. Ela te encara... curiosa.,A fog with eyes curls around the reeds. It stares at you... curious.,Una niebla con ojos se enrosca en los juncos. Te mira... curiosa.
DLG_PA_MUSGA_1,"Visita! Ninguém me visita, querido. Só vêm buscar remédio e vão embora.","A visitor! Nobody visits me, darling. They just come for medicine and leave.","¡Una visita! Nadie me visita, querido. Solo vienen por remedio y se van."
DLG_PA_MUSGA_2,"Snif, snif... Que estranho. Você tem cheiro de casa. De família.","Sniff, sniff... How odd. You smell like home. Like family.","Snif, snif... Qué raro. Hueles a casa. A familia."
DLG_PA_MUSGA_3,"Sabia que a névoa é minha? Quem respira, precisa de mim. Quem precisa, não esquece.",Did you know the fog is mine? Whoever breathes it needs me. Whoever needs me doesn't forget.,"¿Sabías que la niebla es mía? Quien la respira me necesita. Quien me necesita, no olvida."
DLG_PA_MUSGA_WIN,"Ai, que deselegante. Ganhar de uma dama no próprio caldeirão.","Oh, how rude. Beating a lady at her own cauldron.","Ay, qué poco elegante. Ganarle a una dama en su propio caldero."
DLG_PA_MUSGA_MOTIVE,"Da primeira vez, a família me esqueceu numa torre. Mil anos de silêncio. De novo, não, querido.","The first time, the family forgot me in a tower. A thousand years of silence. Not again, darling.","La primera vez, la familia me olvidó en una torre. Mil años de silencio. Otra vez no, querido."
DLG_PA_MUSGA_GOSSIP,"Quer uma fofoca de graça? Os levados, mineiros e pescadores, foram todos pro castelo servir o titio.","Want some free gossip? The ones they took, miners and fishers, all went to the castle to serve my uncle.","¿Quieres un chisme gratis? Los que se llevaron, mineros y pescadores, fueron todos al castillo a servir al tío."
DLG_PA_MUSGA_GOSSIP2,"Os pais daquele baixinho do remo também. Sabia? Eu sei de tudo, querido.","That little one with the oar? His parents too. Did you know? I know everything, darling.","Los padres de ese bajito del remo también. ¿Sabías? Yo lo sé todo, querido."
DLG_PA_MUSGA_T1,Castelo. Eu sabia.,The castle. I knew it.,El castillo. Lo sabía.
DLG_PA_MUSGA_T2,...Eles tão inteiros. É isso que importa. Vamos.,...They're in one piece. That's what matters. Let's go.,...Están enteros. Eso es lo que importa. Vamos.
DLG_PA_MUSGA_L1,Os pais do Taro! A gente precisa contar pra ele!,Taro's parents! We have to tell him!,¡Los padres de Taro! ¡Tenemos que contárselo!
DLG_PA_MUSGA_OFF,"Tá bom, tá bom. Desligo a névoa. Mas alguém vai ter que vir me visitar. Combinado?","Fine, fine. I'll turn off the fog. But somebody has to come visit me. Deal?","Está bien, está bien. Apago la niebla. Pero alguien tendrá que venir a visitarme. ¿Trato?"
DLG_PA_MUSGA_AUNT,A Tia mandou eu comer direito? Ela manda isso há mil anos. Fofa.,Auntie told me to eat properly? She's been saying that for a thousand years. Sweet.,¿La Tía mandó que coma bien? Lo dice desde hace mil años. Qué tierna.
DLG_PA_MUSGA_AFTER,"Volta pra fofocar, querido. Sabia que o primo Caliço ensaia discurso no espelho?","Come back to gossip, darling. Did you know cousin Caliço rehearses speeches in the mirror?","Vuelve a chismear, querido. ¿Sabías que el primo Caliço ensaya discursos frente al espejo?"
SPK_TROTE,Mensageiro Trote,Courier Trot,Mensajero Trote
SPK_ELMO,Cadete Elmo,Cadet Helm,Cadete Yelmo
SPK_MALVA,Escudeira Malva,Squire Mallow,Escudera Malva
SPK_BIGODE,Recruta Bigode,Recruit Whiskers,Recluta Bigotes
SPK_AMEIA,Dona Ameia,Mrs. Merlon,Doña Almena
SPK_DOBRAO,Mercador Dobrão,Merchant Doubloon,Mercader Doblón
SPK_VISEIRA,Capitã Viseira,Captain Visor,Capitana Visera
SPK_ELO,Gêmeos Elo,Link Twins,Gemelos Eslabón
SPK_CLARIM,Pregoeiro Clarim,Crier Bugle,Pregonero Clarín
SPK_FIVELA,Fivela,Buckle,Hebilla
SPK_SELO,Arquivista Selo,Archivist Seal,Archivero Sello
SPK_BRASAO,Velho Brasão,Old Crest,Viejo Blasón
SPK_GRADE,Sargento Grade,Sergeant Bars,Sargento Reja
SPK_CALICO,Comandante Caliço,Commander Caliço,Comandante Caliço
BTL_TAMER_ELMO,Cadete Elmo,Cadet Helm,Cadete Yelmo
BTL_TAMER_MALVA,Escudeira Malva,Squire Mallow,Escudera Malva
BTL_TAMER_BIGODE,Recruta Bigode,Recruit Whiskers,Recluta Bigotes
BTL_TAMER_VISEIRA,Capitã Viseira,Captain Visor,Capitana Visera
BTL_TAMER_ELO,Gêmeos Elo,Link Twins,Gemelos Eslabón
BTL_TAMER_GRADE,Sargento Grade,Sergeant Bars,Sargento Reja
BTL_TAMER_CALICO,Guardião Caliço,Guardian Caliço,Guardián Caliço
MAP_ROTA_4,Rota 4 — Estrada dos Estandartes,Route 4 — Banner Road,Ruta 4 — Camino de los Estandartes
MAP_OSSORIO,"Ossório, a Cidade Murada","Ossório, the Walled City","Ossório, la Ciudad Amurallada"
MAP_QUARTEL,Quartel de Ossório,Ossório Barracks,Cuartel de Ossório
MAP_OSSORIO_RANCHO,Rancho da Ameia,Merlon's Ranch,Rancho de Almena
MAP_OSSORIO_LOJA,Empório do Dobrão,Doubloon's Emporium,Emporio de Doblón
MAP_OSSORIO_CASA_VISEIRA,Casa da Capitã Viseira,Captain Visor's House,Casa de la Capitana Visera
MAP_OSSORIO_CASA_ELO,Casa dos Gêmeos Elo,Link Twins' House,Casa de los Gemelos Eslabón
MAP_ARQUIVO,Arquivo Real,Royal Archive,Archivo Real
MSG_CALICO_ROAD,Guardas em formação fecham o portão norte. Ordem do Comandante Caliço.,Guards in formation block the north gate. Commander Caliço's orders.,Guardias en formación cierran la puerta norte. Orden del Comandante Caliço.
MSG_ARCHIVE_SEALED,O Arquivo Real está lacrado com o selo do Rei.,The Royal Archive is sealed with the King's seal.,El Archivo Real está sellado con el sello del Rey.
ITEM_RECORD,Registro Real,Royal Record,Registro Real
ITEM_RECORD_TEXT,"""Quando a coroa rachar, o eco chamará o último do sangue, onde o farol virar museu.""","""When the crown cracks, the echo will call the last of the blood, where the lighthouse becomes a museum.""","""Cuando la corona se agriete, el eco llamará al último de la sangre, donde el faro se vuelva museo."""
OPT_O_TELL,Contar à cidade,Tell the city,Contarlo a la ciudad
OPT_O_SECRET,Guardar segredo,Keep it secret,Guardar el secreto
OPT_O_DUNA,A Rainha Duna,Queen Duna,La Reina Duna
OPT_O_KING,O próprio Rei,The King himself,El propio Rey
OPT_O_AUNT,A Tia Fornalha,Aunt Furnace,La Tía Fragua
OPT_O_TRUMPET,Ouvir o toque,Listen to the call,Escuchar el toque
SIGN_O_FORK,← Caminho dos Cadetes · ↑ Aqueduto Velho · → Campo das Bandeiras,← Cadets' Path · ↑ Old Aqueduct · → Banner Field,← Camino de los Cadetes · ↑ Acueducto Viejo · → Campo de Banderas
DLG_O_ARR_R_L,Bandeiras azuis em todo canto! Alguém muito importante morava aqui.,Blue banners everywhere! Someone very important lived here.,¡Banderas azules por todas partes! Aquí vivía alguien muy importante.
DLG_O_ARR_R_T,"Estrada de pedra, gasta no meio. Muita gente marchou por aqui.","A stone road, worn down the middle. Lots of people marched here.","Camino de piedra, gastado en el medio. Mucha gente marchó por aquí."
DLG_O_TROTE_1,"Três caminhos pra Ossório: o dos cadetes, o do campo e o aqueduto. No aqueduto mora coisa velha.","Three paths to Ossório: the cadets', the field, and the aqueduct. Something old lives in the aqueduct.","Tres caminos a Ossório: el de los cadetes, el del campo y el acueducto. En el acueducto vive algo viejo."
DLG_O_TROTE_2,Eu levo recado pro quartel. Ninguém responde. Só carimbam e devolvem.,I carry messages to the barracks. Nobody answers. They just stamp them and send them back.,Llevo recados al cuartel. Nadie responde. Solo los sellan y los devuelven.
DLG_O_ELMO_1,"Cadete Elmo, em serviço! Identificação ou batalha!","Cadet Helm, on duty! Identification or battle!","¡Cadete Yelmo, de servicio! ¡Identificación o batalla!"
DLG_O_ELMO_2,Identificação aceita... por derrota.,Identification accepted... by defeat.,Identificación aceptada... por derrota.
DLG_O_MALVA_1,"Escudo pra cima, esqueleto pra frente. É assim que se marcha em Ossório!","Shield up, skeleton forward. That's how we march in Ossório!","Escudo arriba, esqueleto al frente. ¡Así se marcha en Ossório!"
DLG_O_MALVA_2,Marchei pra trás. Acontece com as melhores.,I marched backward. It happens to the best of us.,Marché hacia atrás. Le pasa a las mejores.
DLG_O_BIGODE_1,Três semanas de guarda e nenhuma aventura. Você é minha aventura!,Three weeks on guard and not a single adventure. You're my adventure!,Tres semanas de guardia y ninguna aventura. ¡Tú eres mi aventura!
DLG_O_BIGODE_2,"Melhor aventura da semana. Única, mas a melhor.","Best adventure of the week. The only one, but the best.","La mejor aventura de la semana. La única, pero la mejor."
DLG_O_RIV_T,Ossório tem soldado em cada esquina. Vou passar por todos. Começando por você.,Ossório has a soldier on every corner. I'll get past all of them. Starting with you.,Ossório tiene un soldado en cada esquina. Pasaré por todos. Empezando por ti.
DLG_O_RIV_L,"Ossório tem um arquivo com todos os livros do reino! Mas antes, uma batalha. Pra dar coragem!","Ossório has an archive with every book in the kingdom! But first, a battle. For courage!","¡Ossório tiene un archivo con todos los libros del reino! Pero antes, una batalla. ¡Para darme valor!"
DLG_O_RIV_T_BYE,...Vai na frente. Só hoje.,...You go first. Just today.,...Ve tú delante. Solo hoy.
DLG_O_RIV_L_BYE,Te vejo no arquivo! Quer dizer... se um dia abrirem.,See you at the archive! I mean... if they ever open it.,¡Nos vemos en el archivo! Bueno... si algún día lo abren.
SIGN_O_CITY,Ossório. Antiga capital do reino. Toque de recolher ao pôr do sol.,Ossório. Old capital of the kingdom. Curfew at sunset.,Ossório. Antigua capital del reino. Toque de queda al atardecer.
SIGN_O_BARRACKS,← Quartel. Proibida a entrada de civis.,← Barracks. No civilians allowed.,← Cuartel. Prohibida la entrada de civiles.
OBJ_O_STATUE,"Estátua do príncipe Ossárion, ainda menino. O tempo apagou o rosto.",A statue of Prince Ossárion as a boy. Time has worn away the face.,"Estatua del príncipe Ossárion, todavía niño. El tiempo le borró la cara."
DLG_O_ARR_C_L,Uma cidade inteira de muralha. Eles têm medo de quê?,A whole city made of walls. What are they so afraid of?,Una ciudad entera de murallas. ¿De qué tienen tanto miedo?
DLG_O_ARR_C_T,"Soldado na muralha, soldado no portão. Eles esperam uma guerra.","Soldiers on the wall, soldiers at the gate. They're expecting a war.","Soldados en la muralla, soldados en la puerta. Esperan una guerra."
DLG_O_AMEIA_1,Toque de recolher ao pôr do sol. Até os esqueletos do Rancho dormem em formação.,Curfew at sunset. Even the Ranch skeletons sleep in formation.,Toque de queda al atardecer. Hasta los esqueletos del Rancho duermen en formación.
DLG_O_AMEIA_AFTER,Sem toque de recolher! Hoje o Rancho fica aberto até tarde.,No more curfew! Tonight the Ranch stays open late.,¡Sin toque de queda! Hoy el Rancho abre hasta tarde.
DLG_O_AMEIA_2,Quer deixar alguém descansando? Aqui ninguém dorme fora de hora... mas eu deixo.,Want to leave someone here to rest? Nobody sleeps off-schedule here... but I'll allow it.,¿Quieres dejar a alguien descansando? Aquí nadie duerme fuera de hora... pero lo permito.
DLG_O_DOBRAO_1,Comércio só com autorização do quartel. Eu tenho autorização. Custou caro.,Trading requires a barracks permit. I have one. It cost a fortune.,Comerciar requiere permiso del cuartel. Yo tengo uno. Me costó caro.
DLG_O_DOBRAO_2,"Volte quando quiser. Em fila, de preferência.","Come back anytime. In line, preferably.","Vuelve cuando quieras. En fila, de preferencia."
DLG_O_FIVELA,Meu pai monta guarda na muralha faz três semanas. Esperando inimigo. O único inimigo é o tédio.,My dad's been guarding the wall for three weeks. Waiting for an enemy. The only enemy is boredom.,Mi papá vigila la muralla desde hace tres semanas. Esperando al enemigo. El único enemigo es el aburrimiento.
DLG_O_FIVELA_AFTER,Meu pai voltou da muralha! Ele disse que o inimigo era a gente mesmo. Não entendi.,My dad came back from the wall! He said the enemy was us all along. I didn't get it.,¡Mi papá volvió de la muralla! Dijo que el enemigo éramos nosotros. No entendí.
DLG_O_BRASAO_1,"Varri este pátio no tempo do reino. O príncipe era um menino tristinho, sempre olhando o mar.","I swept this courtyard back in the kingdom days. The prince was a sad little boy, always looking at the sea.","Barría este patio en tiempos del reino. El príncipe era un niño tristón, siempre mirando el mar."
DLG_O_BRASAO_2,Dizem que ele virou o Rei. Eu digo que ele nunca parou de olhar o mar.,They say he became the King. I say he never stopped looking at the sea.,Dicen que se volvió el Rey. Yo digo que nunca dejó de mirar el mar.
DLG_O_SELO_1,O Arquivo guarda mil anos de história. O Rei mandou lacrar tudo. Ninguém lê o passado.,The Archive holds a thousand years of history. The King had it all sealed. Nobody reads the past.,El Archivo guarda mil años de historia. El Rey mandó sellarlo todo. Nadie lee el pasado.
DLG_O_SELO_OPEN,O Comandante abriu o Arquivo! Leia com cuidado. Livro velho morde.,The Commander opened the Archive! Read carefully. Old books bite.,¡El Comandante abrió el Archivo! Lee con cuidado. Los libros viejos muerden.
DLG_O_SELO_QUIZ,Leu o diário da estante? Então me diga: quem ergueu o farol da praia?,Did you read the diary on the shelf? Then tell me: who built the beach lighthouse?,¿Leíste el diario del estante? Entonces dime: ¿quién levantó el faro de la playa?
DLG_O_SELO_RIGHT,"Exato! A Rainha Duna. Quem lê, merece. Tome, para a viagem.","Exactly! Queen Duna. Those who read deserve a reward. Here, for the road.","¡Exacto! La Reina Duna. Quien lee, merece. Toma, para el viaje."
DLG_O_SELO_WRONG_KING,Errado. O Rei só olhava o mar. Quem construiu foi outra pessoa. Volte a ler.,Wrong. The King only gazed at the sea. Someone else built it. Read again.,Error. El Rey solo miraba el mar. Lo construyó otra persona. Vuelve a leer.
DLG_O_SELO_WRONG_AUNT,"A Fornalha forja sinos, não faróis. Volte a ler, jovem.","Furnace forges bells, not lighthouses. Read again, young one.","La Fragua forja campanas, no faros. Vuelve a leer, joven."
DLG_O_SELO_AFTER,"Mil anos de livros, e ninguém lia. Agora tem fila. Fila de leitor!","A thousand years of books, and nobody read them. Now there's a line. A line of readers!",Mil años de libros y nadie los leía. Ahora hay fila. ¡Fila de lectores!
DLG_O_CLARIM_1,"Ouçam, ouçam! Toque de recolher ao pôr do sol, por ordem do Comandante Caliço!","Hear ye, hear ye! Curfew at sunset, by order of Commander Caliço!","¡Oíd, oíd! ¡Toque de queda al atardecer, por orden del Comandante Caliço!"
DLG_O_CLARIM_2,"Desculpa, é força do hábito. Eu grito até pra pedir pão.","Sorry, force of habit. I even shout when I ask for bread.","Perdón, es la costumbre. Grito hasta para pedir pan."
DLG_O_CLARIM_ASK,Esse papel tem o selo real! Quer que eu leia na praça? A cidade inteira vai ouvir.,That paper has the royal seal! Want me to read it in the square? The whole city will hear.,¡Ese papel tiene el sello real! ¿Quieres que lo lea en la plaza? Toda la ciudad lo oirá.
DLG_O_TELL_1,"Ouçam, ouçam! ""Quando a coroa rachar, o eco chamará o último do sangue...""","Hear ye, hear ye! ""When the crown cracks, the echo will call the last of the blood...""","¡Oíd, oíd! ""Cuando la corona se agriete, el eco llamará al último de la sangre..."""
DLG_O_TELL_2,"A praça cochicha, depois grita. No alto da muralha, guardas tiram o elmo e descem.","The square whispers, then shouts. Up on the wall, guards take off their helmets and come down.","La plaza murmura, luego grita. En lo alto de la muralla, los guardias se quitan el yelmo y bajan."
DLG_O_TELL_3,"Agora todo mundo sabe que o Rei procura um herdeiro. Alguns vão ficar do seu lado. Outros, do lado dele.","Now everyone knows the King is looking for an heir. Some will side with you. Others, with him.","Ahora todos saben que el Rey busca un heredero. Algunos estarán de tu lado. Otros, del suyo."
DLG_O_SECRET,Segredo de Estado. Meu clarim fica mudo. Pela primeira vez na vida.,A state secret. My bugle stays silent. For the first time in my life.,Secreto de Estado. Mi clarín se queda mudo. Por primera vez en mi vida.
DLG_O_CLARIM_TOLD,A cidade inteira sabe. E ninguém foi pra casa dormir!,The whole city knows. And nobody went home to sleep!,Toda la ciudad lo sabe. ¡Y nadie se fue a dormir!
DLG_O_CLARIM_KEPT,"Meu clarim continua mudo. Combinamos, né?","My bugle is still silent. That was the deal, right?","Mi clarín sigue mudo. Ese fue el trato, ¿no?"
DLG_O_VISEIRA_1,"Em Ossório, dois agem como um. Sintonia é disciplina! Vamos ver a sua.","In Ossório, two act as one. Sync is discipline! Let's see yours.","En Ossório, dos actúan como uno. ¡La Sintonía es disciplina! Veamos la tuya."
DLG_O_VISEIRA_2,Quebrou nossa fileira com atraso. Isso é que é estudar o inimigo.,You broke our line with delays. Now that's studying the enemy.,Rompiste nuestra fila con retrasos. Eso es estudiar al enemigo.
DLG_O_ELO_1,"A gente fala junto, luta junto, perde... separado?","We talk together, fight together, lose... separately?","Hablamos juntos, peleamos juntos, perdemos... ¿por separado?"
DLG_O_ELO_2,Ensaiamos tudo. Menos perder.,We rehearsed everything. Except losing.,Ensayamos todo. Menos perder.
DLG_O_REC_1,"Um livro de registros, aberto há mil anos na mesma página.","A book of records, open on the same page for a thousand years.","Un libro de registros, abierto en la misma página desde hace mil años."
DLG_O_REC_2,"""Quando a coroa rachar, o eco chamará o último do sangue, onde o farol virar museu.""","""When the crown cracks, the echo will call the last of the blood, where the lighthouse becomes a museum.""","""Cuando la corona se agriete, el eco llamará al último de la sangre, donde el faro se vuelva museo."""
DLG_O_REC_3,"Ao lado, o retrato do príncipe Ossárion, menino. O rosto é o seu.","Beside it, a portrait of Prince Ossárion as a boy. The face is yours.","Al lado, el retrato del príncipe Ossárion, de niño. La cara es la tuya."
DLG_O_REC_4,O vidro vibrando. A coroa cantando na vitrine. Agora você lembra: você veio de 2040.,The glass trembling. The crown singing in its case. Now you remember: you came from 2040.,El cristal vibrando. La corona cantando en la vitrina. Ahora lo recuerdas: viniste de 2040.
DLG_O_REC_5,E foi chamado porque é do sangue do Rei.,And you were called because you are of the King's blood.,Y te llamaron porque eres de la sangre del Rey.
DLG_O_REC_L1,Esse menino... é você? Mas o quadro tem mil anos!,That boy... is you? But the painting is a thousand years old!,Ese niño... ¿eres tú? ¡Pero el cuadro tiene mil años!
DLG_O_REC_L2,Onde o farol virar museu... O meu farol vira museu um dia?,Where the lighthouse becomes a museum... My lighthouse becomes a museum someday?,Donde el faro se vuelva museo... ¿Mi faro se vuelve museo algún día?
DLG_O_REC_T1,Tá. Isso é estranho até pra mim.,Okay. That's weird even for me.,Vale. Esto es raro hasta para mí.
DLG_O_REC_T2,Se você é da família dele... ele te quer pra quê?,If you're his family... what does he want you for?,Si eres de su familia... ¿para qué te quiere?
DLG_O_REC_AGAIN,"""...onde o farol virar museu."" O retrato continua olhando pra você.","""...where the lighthouse becomes a museum."" The portrait keeps looking at you.","""...donde el faro se vuelva museo."" El retrato sigue mirándote."
DLG_O_BOOK_1,"Diário da Rainha Duna: ""Ergui o farol para que meu marido, quando saísse ao mar, sempre achasse o caminho de casa.""","Queen Duna's diary: ""I raised the lighthouse so my husband, whenever he went to sea, would always find his way home.""","Diario de la Reina Duna: ""Levanté el faro para que mi esposo, cuando saliera al mar, siempre encontrara el camino a casa."""
DLG_O_BOOK_L1,A família do Rei construiu o farol! Eles também queriam que ninguém se perdesse.,The King's family built the lighthouse! They didn't want anyone to get lost either.,¡La familia del Rey construyó el faro! Ellos tampoco querían que nadie se perdiera.
DLG_O_BOOK_L2,Então o Rei não é mau. Ele só tem medo do escuro. Igual eu tinha.,So the King isn't evil. He's just afraid of the dark. Like I used to be.,Entonces el Rey no es malo. Solo le teme a la oscuridad. Como me pasaba a mí.
DLG_O_BOOK_T1,Farol. A Lia ia gostar de ler isso.,A lighthouse. Lia would love reading this.,Un faro. A Lia le encantaría leer esto.
DLG_O_LIA_ARQ_1,Lê o diário da estante! A rainha construiu o farol pro marido sempre voltar pra casa!,Read the diary on the shelf! The queen built the lighthouse so her husband would always come home!,¡Lee el diario del estante! ¡La reina construyó el faro para que su esposo siempre volviera a casa!
DLG_O_LIA_ARQ_2,Eu vou acender ele. Pra todo mundo voltar pra casa. Até o Rei.,I'm going to light it. So everyone can come home. Even the King.,Voy a encenderlo. Para que todos vuelvan a casa. Hasta el Rey.
DLG_O_ARR_Q_L,Todo mundo no mesmo passo... parece música sem melodia.,Everyone in step... it's like music without a tune.,Todos al mismo paso... parece música sin melodía.
DLG_O_ARR_Q_T,Disciplina. Meu pai ia gostar. Eu não.,Discipline. My dad would like it. I don't.,Disciplina. A mi papá le gustaría. A mí no.
DLG_O_GRADE_1,Ninguém passa da grade sem senha. A senha é: vencer o Sargento Grade.,Nobody gets past the bars without the password. The password is: beat Sergeant Bars.,Nadie pasa la reja sin contraseña. La contraseña es: vencer al Sargento Reja.
DLG_O_GRADE_2,Senha correta. Infelizmente.,Password correct. Unfortunately.,Contraseña correcta. Por desgracia.
DLG_O_BUFARDO,"Um esqueleto corneteiro, de bochechas infladas, ensaia um toque que ninguém ouve há mil anos.",A bugler skeleton with puffed-up cheeks rehearses a call nobody has heard in a thousand years.,"Un esqueleto corneta, de mejillas infladas, ensaya un toque que nadie oye desde hace mil años."
DLG_O_CAL_1,Atenção! Civil não entra no quartel! Identifique-se!,Attention! No civilians in the barracks! Identify yourself!,¡Atención! ¡Ningún civil entra al cuartel! ¡Identifíquese!
DLG_O_CAL_2,"Sou Caliço, irmão do Rei. A família não abandona a família. Nunca.","I am Caliço, the King's brother. Family does not abandon family. Ever.","Soy Caliço, hermano del Rey. La familia no abandona a la familia. Nunca."
DLG_O_CAL_3,Em formação! Vamos ver se você sabe quebrar uma fileira.,Fall in! Let's see if you know how to break a line.,¡En formación! Veamos si sabes romper una fila.
DLG_O_CAL_WIN,Fileira rompida... Recuar com honra!,Line broken... Retreat with honor!,Fila rota... ¡Retirada con honor!
DLG_O_CAL_MOTIVE,Meu irmão perdeu todos uma vez. Eu jurei que ele nunca mais perderia ninguém.,My brother lost everyone once. I swore he would never lose anyone again.,Mi hermano perdió a todos una vez. Juré que nunca volvería a perder a nadie.
DLG_O_CAL_OPEN,Regra do quartel: o vencedor tem direito ao Arquivo. Leia o que meu irmão escondeu.,Barracks rule: the victor earns the Archive. Read what my brother hid.,Regla del cuartel: el vencedor tiene derecho al Archivo. Lee lo que mi hermano escondió.
DLG_O_CAL_OPEN2,Honra exige verdade. Mesmo a verdade que dói.,Honor demands truth. Even the truth that hurts.,El honor exige verdad. Incluso la verdad que duele.
DLG_O_CAL_TOLD,"Você contou à cidade. Insubordinação... e verdade. Quando chegar a hora, conte comigo.","You told the city. Insubordination... and truth. When the time comes, count on me.","Se lo contaste a la ciudad. Insubordinación... y verdad. Cuando llegue la hora, cuenta conmigo."
DLG_O_CAL_KEPT,Você guardou o segredo. Discrição. Um soldado agradece.,You kept the secret. Discretion. A soldier is grateful.,Guardaste el secreto. Discreción. Un soldado lo agradece.
SPK_TRENO,Guia Trenó,Guide Sled,Guía Trineo
SPK_GRAMPO,Alpinista Grampo,Climber Piton,Alpinista Clavija
SPK_RAJADA,Rajada,Gust,Ráfaga
SPK_BRISA,Monja Brisa,Sister Breeze,Monja Brisa
SPK_LAREIRA,Dona Lareira,Mrs. Hearth,Doña Hoguera
SPK_CACHECOL,Seu Cachecol,Mr. Muffler,Don Bufanda
SPK_LAMINA,Patinadora Lâmina,Skater Blade,Patinadora Cuchilla
SPK_GRANIZO,Irmãos Granizo,Hail Brothers,Hermanos Granizo
SPK_FLOQUINHO,Floquinho,Flurry,Copito
SPK_CAMELIA,Camélia,Camellia,Camelia
SPK_PINHAO,Vô Pinhão,Grandpa Pinecone,Abuelo Piñón
SPK_DEGELO,Degelo,Thaw,Deshielo
SPK_PINGENTE,Guarda Pingente,Guard Icicle,Guardia Carámbano
SPK_LEAL,Guarda Leal,Loyal Guard,Guardia Leal
SPK_NEVASCO,Nevasco,Nevasco,Nevasco
SPK_ALVA,Alva,Alva,Alva
BTL_TAMER_GRAMPO,Alpinista Grampo,Climber Piton,Alpinista Clavija
BTL_TAMER_RAJADA,Rajada,Gust,Ráfaga
BTL_TAMER_BRISA,Monja Brisa,Sister Breeze,Monja Brisa
BTL_TAMER_LAMINA,Patinadora Lâmina,Skater Blade,Patinadora Cuchilla
BTL_TAMER_GRANIZO,Irmãos Granizo,Hail Brothers,Hermanos Granizo
BTL_TAMER_PINGENTE,Guarda Pingente,Guard Icicle,Guardia Carámbano
BTL_TAMER_LEAL,Guarda Leal,Loyal Guard,Guardia Leal
BTL_TAMER_ALVA,Guardiã Alva,Guardian Alva,Guardiana Alva
MAP_ROTA_5,Rota 5 — Trilha da Nevasca,Route 5 — Blizzard Trail,Ruta 5 — Sendero de la Ventisca
MAP_GEADA,Geada,Frostholm,Escarcha
MAP_JARDIM_GELO,Jardim de Gelo,Ice Garden,Jardín de Hielo
MAP_GEADA_RANCHO,Rancho da Lareira,Hearth's Ranch,Rancho de Hoguera
MAP_GEADA_LOJA,Armarinho do Cachecol,Muffler's Goods,Mercería de Bufanda
MAP_GEADA_CASA_LAMINA,Casa da Patinadora Lâmina,Skater Blade's House,Casa de la Patinadora Cuchilla
MAP_GEADA_CASA_GRANIZO,Casa dos Irmãos Granizo,Hail Brothers' House,Casa de los Hermanos Granizo
MAP_MOSTEIRO,Mosteiro do Eco,Monastery of the Echo,Monasterio del Eco
MSG_ALVA_ROAD,Uma parede de gelo fecha a descida para o deserto.,A wall of ice blocks the way down to the desert.,Un muro de hielo cierra la bajada al desierto.
ITEM_LETTER,Carta da Alva,Alva's Letter,Carta de Alva
ITEM_LETTER_TEXT,"Uma carta lacrada, endereçada ""ao meu pai"". A letra treme um pouco.","A sealed letter addressed ""to my father"". The handwriting trembles a little.","Una carta sellada, dirigida ""a mi padre"". La letra tiembla un poco."
ITEM_SPROUT,Broto de Chá,Tea Sprout,Brote de Té
ITEM_SPROUT_TEXT,Um broto verde que sobreviveu debaixo do gelo. A Camélia quer plantar.,A green sprout that survived under the ice. Camellia wants to plant it.,Un brote verde que sobrevivió bajo el hielo. Camelia quiere plantarlo.
OPT_PI_TAKE,Levar a carta,Take the letter,Llevar la carta
OPT_PI_LEAVE,Não levar,Don't take it,No llevarla
OPT_PI_DUEL,Aceitar o desafio,Accept the challenge,Aceptar el desafío
SIGN_PI_FORK,← Trilha dos Alpinistas · ↑ Ponte de Gelo · → Campo Branco,← Climbers' Trail · ↑ Ice Bridge · → White Field,← Sendero de Alpinistas · ↑ Puente de Hielo · → Campo Blanco
DLG_PI_ARR_R_L,"Neve! Ela cai devagar, como se tivesse medo de chegar no chão.","Snow! It falls so slowly, like it's afraid of reaching the ground.","¡Nieve! Cae despacito, como si le diera miedo llegar al suelo."
DLG_PI_ARR_R_T,Frio. Meu pai dizia que frio é só vento sem educação.,Cold. My dad used to say cold is just wind with no manners.,Frío. Mi papá decía que el frío es solo viento sin modales.
DLG_PI_TRENO_1,"Pelos alpinistas tem briga, pelo campo branco tem bicho, e a Ponte de Gelo... range. Muito.","The climbers' trail has fights, the white field has critters, and the Ice Bridge... creaks. A lot.","Por los alpinistas hay pelea, por el campo blanco hay bichos, y el Puente de Hielo... cruje. Mucho."
DLG_PI_TRENO_2,Antes eu descia com chá pras cidades. Agora o gelo não deixa nem o trenó sair.,I used to sled tea down to the towns. Now the ice won't even let the sled leave.,Antes bajaba té a los pueblos. Ahora el hielo no deja salir ni al trineo.
DLG_PI_GRAMPO_1,Escalei três picos esta semana. Falta escalar você!,I climbed three peaks this week. You're next!,Escalé tres picos esta semana. ¡Me faltas tú!
DLG_PI_GRAMPO_2,Escorreguei. Acontece até com quem tem grampo.,I slipped. Happens even to people with pitons.,Me resbalé. Les pasa hasta a los que llevan clavijas.
DLG_PI_RAJADA_1,Eu corro mais que o vento! Meus esqueletos também. Tenta acompanhar!,I run faster than the wind! So do my skeletons. Try to keep up!,¡Corro más que el viento! Mis esqueletos también. ¡Intenta seguirnos!
DLG_PI_RAJADA_2,Você leu a timeline. Que falta de educação com o vento.,You read the timeline. How rude to the wind.,Leíste la línea de turnos. Qué falta de respeto al viento.
DLG_PI_BRISA_1,Medito na neve há vinte anos. Hoje vou meditar batalhando.,I've meditated in the snow for twenty years. Today I'll meditate by battling.,Medito en la nieve desde hace veinte años. Hoy meditaré peleando.
DLG_PI_BRISA_2,"Perder também é um caminho. Um caminho frio, mas é.","Losing is also a path. A cold one, but a path.","Perder también es un camino. Uno frío, pero lo es."
DLG_PI_LEAL_1,O Rei procura o herdeiro? Então o herdeiro não sobe a serra!,The King is looking for his heir? Then the heir doesn't climb this mountain!,¿El Rey busca a su heredero? ¡Entonces el heredero no sube la sierra!
DLG_PI_LEAL_2,Ossório falou demais. A gente ouviu tudo. Alto lá!,Ossório talked too much. We heard everything. Halt!,Ossório habló de más. Lo oímos todo. ¡Alto ahí!
DLG_PI_LEAL_AFTER,Lealdade não esquenta ninguém nesse frio. Pode passar.,Loyalty doesn't keep anyone warm in this cold. Go on.,La lealtad no calienta a nadie con este frío. Pasa.
DLG_PI_RT_1,Você de novo. Ótimo. Tô precisando bater em alguém.,You again. Great. I need to hit something.,Tú otra vez. Genial. Necesito golpear a alguien.
DLG_PI_RT_2,...Desculpa. Não é com você.,...Sorry. It's not about you.,...Perdón. No es contigo.
DLG_PI_RT_3,Eu tenho medo. De chegar no castelo e meus pais não lembrarem de mim.,I'm scared. Of reaching the castle and my parents not remembering me.,Tengo miedo. De llegar al castillo y que mis padres no me recuerden.
DLG_PI_RT_L,"Eles vão lembrar, Taro. Ninguém esquece quem faz falta.","They'll remember, Taro. Nobody forgets someone they miss.","Te recordarán, Taro. Nadie olvida a quien le hace falta."
DLG_PI_RT_4,"...Vê se não se perde, então. A gente se vê no castelo.","...Don't get lost, then. See you at the castle.","...No te pierdas, entonces. Nos vemos en el castillo."
DLG_PI_RL_1,"Achei vocês! Nessa nevasca, a única coisa que dava pra ver era a minha lamparina.","Found you! In this blizzard, the only thing you could see was my lamp.","¡Los encontré! Con esta ventisca, lo único que se veía era mi farolillo."
DLG_PI_RL_2,"Quando a neve fecha tudo, não olha pra neve. Olha pra luz. É só seguir a luz.","When the snow closes everything in, don't look at the snow. Look at the light. Just follow the light.","Cuando la nieve lo cierra todo, no mires la nieve. Mira la luz. Solo sigue la luz."
DLG_PI_RL_T,"...Isso foi bonito, Lia. Não conta pra ninguém que eu disse.","...That was nice, Lia. Don't tell anyone I said so.","...Eso fue bonito, Lia. No le digas a nadie que lo dije."
DLG_PI_RL_3,"Agora eu vou pro farol. Quando vocês voltarem, ele vai estar aceso!","Now I'm heading to the lighthouse. When you come back, it'll be lit!","Ahora me voy al faro. ¡Cuando vuelvan, estará encendido!"
DLG_PI_RL_PRE,"Antes de ir: uma batalha, pra eu saber que vocês aguentam o frio!","Before you go: a battle, so I know you can handle the cold!","Antes de irte: una batalla, ¡para saber que aguantan el frío!"
DLG_PI_RT_PRE,"Luta comigo. Agora. Ou só me escuta, tanto faz.","Fight me. Now. Or just listen, whatever.","Pelea conmigo. Ahora. O solo escúchame, da igual."
SIGN_PI_TOWN,"Geada. Chá quente, gente quente, todo o resto congelado.","Frostholm. Hot tea, warm people, everything else frozen.","Escarcha. Té caliente, gente cálida, todo lo demás congelado."
SIGN_PI_GARDEN,← Jardim de Gelo. A princesa não recebe visitas.,← Ice Garden. The princess receives no visitors.,← Jardín de Hielo. La princesa no recibe visitas.
OBJ_PI_SNOWMAN,"Um boneco de neve com cachecol. Alguém escreveu na barriga: ""Prefeito"".","A snowman with a scarf. Someone wrote ""Mayor"" on its belly.","Un muñeco de nieve con bufanda. Alguien escribió en la barriga: ""Alcalde""."
DLG_PI_ARR_C_L,Fumaça nas chaminés! Pelo menos aqui dentro tem calor.,Smoke from the chimneys! At least it's warm in here.,¡Humo en las chimeneas! Al menos aquí dentro hace calor.
DLG_PI_ARR_C_T,"O gelo parou tudo. Até o tempo, parece.","The ice stopped everything. Even time, it seems.","El hielo paró todo. Hasta el tiempo, parece."
DLG_PI_LAREIRA_1,"Entra, entra, antes que a porta congele aberta. Tem sopa e cama pros seus esqueletos.","Come in, come in, before the door freezes open. There's soup and beds for your skeletons.","Pasa, pasa, antes de que la puerta se congele abierta. Hay sopa y camas para tus esqueletos."
DLG_PI_LAREIRA_2,Faz um ano que é inverno. Desde que a princesa Alva chegou triste no jardim.,It's been winter for a year. Ever since Princess Alva arrived sad in the garden.,Hace un año que es invierno. Desde que la princesa Alva llegó triste al jardín.
DLG_PI_LAREIRA_3,"Quer guardar alguém no Rancho? Aqui ninguém passa frio, prometo.","Want to leave someone at the Ranch? Nobody gets cold here, I promise.","¿Quieres dejar a alguien en el Rancho? Aquí nadie pasa frío, lo prometo."
DLG_PI_LAREIRA_AFTER,Ouviu? Goteira! Nunca fiquei tão feliz com uma goteira.,Hear that? A leak! I've never been so happy about a leak.,¿Oíste? ¡Una gotera! Nunca me alegró tanto una gotera.
DLG_PI_CACHECOL_1,"Cachecol, luva, gorro. E poção, claro. Frio não mata, mas cansa.","Scarves, gloves, hats. And potions, of course. Cold doesn't hurt, but it wears you out.","Bufanda, guantes, gorro. Y pociones, claro. El frío no duele, pero cansa."
DLG_PI_CACHECOL_2,Volta logo. E fecha a porta!,Come back soon. And close the door!,Vuelve pronto. ¡Y cierra la puerta!
DLG_PI_FLOQUINHO,Eu fiz um boneco de neve e chamei de Prefeito. Ele manda melhor que o de verdade.,I built a snowman and named it Mayor. It does a better job than the real one.,Hice un muñeco de nieve y lo llamé Alcalde. Manda mejor que el de verdad.
DLG_PI_FLOQUINHO_AFTER,O Prefeito tá derretendo! Vou ter que fazer eleição.,The Mayor is melting! I'll have to hold an election.,¡El Alcalde se está derritiendo! Voy a tener que convocar elecciones.
DLG_PI_PINHAO_1,"A Alva é filha do Rei. Quando menina, descia a serra pra brincar com as crianças daqui.","Alva is the King's daughter. As a girl, she'd come down the mountain to play with the kids here.","Alva es hija del Rey. De niña, bajaba la sierra a jugar con los niños de aquí."
DLG_PI_PINHAO_2,Ela não é má. Tá triste. E tristeza de princesa vira inverno.,She isn't wicked. She's sad. And a princess's sadness turns into winter.,No es mala. Está triste. Y la tristeza de una princesa se vuelve invierno.
DLG_PI_DEGELO_1,A equipe da Alva é rápida e congela. Esqueleto congelado anda devagar na fila.,Alva's team is fast and freezes. A frozen skeleton moves slowly in the turn order.,El equipo de Alva es rápido y congela. Un esqueleto congelado avanza despacio en la fila.
DLG_PI_DEGELO_2,Leva quem aguenta pancada e golpe pesado que vale a espera. Correr atrás do vento não dá.,Bring someone sturdy and heavy moves worth the wait. You can't outrun the wind.,Lleva a quien aguante golpes y golpes pesados que valgan la espera. Al viento no se le gana corriendo.
DLG_PI_CAMELIA_ASK,Minha horta de chá congelou inteira. Dizem que no Jardim de Gelo ainda tem um broto vivo.,My whole tea garden froze. They say there's still a living sprout in the Ice Garden.,Mi huerta de té se congeló entera. Dicen que en el Jardín de Hielo aún queda un brote vivo.
DLG_PI_CAMELIA_ASK2,Traz pra mim? Com um broto eu começo tudo de novo.,Would you bring it to me? With one sprout I can start over.,¿Me lo traes? Con un brote vuelvo a empezar.
DLG_PI_CAMELIA_WHERE,"No canto sul do Jardim de Gelo. É verdinho, não tem erro.","In the south corner of the Ice Garden. It's bright green, you can't miss it.","En la esquina sur del Jardín de Hielo. Es verdecito, no tiene pérdida."
OBJ_PI_SPROUT,"Debaixo de uma casquinha de gelo, um broto verde teimoso.","Under a thin crust of ice, a stubborn green sprout.","Bajo una costrita de hielo, un brote verde y testarudo."
DLG_PI_CAMELIA_THANKS,Ele tá vivo! Toma duas Poções G. E volta daqui a um ano pro primeiro chá.,It's alive! Take two Potions L. And come back in a year for the first cup of tea.,¡Está vivo! Toma dos Pociones G. Y vuelve en un año por el primer té.
DLG_PI_CAMELIA_AFTER,"O broto cresceu dois dedos! Chá, daqui a pouco. Paciência de chazeira.","The sprout grew two fingers! Tea, soon. A tea-grower's patience.","¡El brote creció dos dedos! Té, dentro de poco. Paciencia de tetera."
DLG_PI_LAMINA_1,"No gelo, quem é rápido chega primeiro. Quer apostar corrida na timeline?","On ice, the fast arrive first. Want to race me on the timeline?","En el hielo, el rápido llega primero. ¿Apostamos una carrera en la línea de turnos?"
DLG_PI_LAMINA_2,Você freou na hora certa. Isso é que é patinar.,You braked at just the right time. Now that's skating.,Frenaste justo a tiempo. Eso sí es patinar.
DLG_PI_GRANIZO_1,"A gente congela, você esquenta. Vamos ver quem derrete primeiro!","We freeze, you heat up. Let's see who melts first!","Nosotros congelamos, tú te calientas. ¡A ver quién se derrite primero!"
DLG_PI_GRANIZO_2,Derretemos. Era pra ser só um pouquinho.,We melted. It was only supposed to be a little.,Nos derretimos. Se suponía que solo un poquito.
DLG_PI_NEV_1,"Sou Nevasco. Guardo este mosteiro e o sino do eco, que não toca há mil anos.","I am Nevasco. I keep this monastery and the bell of the echo, which hasn't rung in a thousand years.","Soy Nevasco. Guardo este monasterio y la campana del eco, que no suena desde hace mil años."
DLG_PI_NEV_2,A coroa do Rei não chama só de longe. O eco dela atravessa o tempo.,The King's crown doesn't only call from afar. Its echo crosses time.,La corona del Rey no llama solo desde lejos. Su eco atraviesa el tiempo.
DLG_PI_NEV_3,"Quem a ouviu cantar foi chamado. E você ouviu, não ouviu?","Whoever heard it sing was called. And you heard it, didn't you?","Quien la oyó cantar fue llamado. Y tú la oíste, ¿verdad?"
DLG_PI_NEV_4,O vidro do museu vibrando. A coroa cantando só pra você. Alguém te chamou de propósito.,The museum glass trembling. The crown singing only for you. Someone called you on purpose.,El cristal del museo vibrando. La corona cantando solo para ti. Alguien te llamó a propósito.
DLG_PI_NEV_L,Chamou pra quê? Pra ajudar... ou pra prender?,Called for what? To help... or to trap?,¿Llamó para qué? ¿Para ayudar... o para atrapar?
DLG_PI_NEV_T,Ninguém chama ninguém de mil anos de distância à toa.,Nobody calls someone from a thousand years away for nothing.,Nadie llama a alguien desde mil años de distancia por nada.
DLG_PI_NEV_5,"Essa resposta está no deserto, com a rainha. Antes, mostre se seu coração aguenta.","That answer lies in the desert, with the queen. First, show me your heart can bear it.","Esa respuesta está en el desierto, con la reina. Antes, muéstrame que tu corazón lo aguanta."
DLG_PI_NEV_AGAIN,O sino do eco espera. Seu coração aguenta mais uma?,The bell of the echo waits. Can your heart bear one more?,La campana del eco espera. ¿Tu corazón aguanta una más?
DLG_PI_ARR_J_L,"Tá tudo branco. Segue a minha luz, eu vou na frente!","Everything's white. Follow my light, I'll go first!","Todo está blanco. ¡Sigue mi luz, yo voy delante!"
DLG_PI_ARR_J_T,Estátuas de gelo de todo mundo da cidade. Que coisa triste.,Ice statues of everyone in town. How sad.,Estatuas de hielo de toda la gente del pueblo. Qué cosa más triste.
DLG_PI_PING_1,"A princesa não recebe visitas. Ordem dela. E minha também, que eu tô com frio.","The princess receives no visitors. Her orders. Mine too, because I'm cold.","La princesa no recibe visitas. Orden suya. Y mía también, que tengo frío."
DLG_PI_PING_2,"Tá, passa. Mas fala baixo, ela tá cantando.","Fine, go. But keep it down, she's singing.","Vale, pasa. Pero habla bajito, está cantando."
DLG_PI_ALVA_1,Você veio de muito longe. Dá pra ver nos seus olhos.,You've come from very far away. I can see it in your eyes.,Vienes de muy lejos. Se te nota en los ojos.
DLG_PI_ALVA_2,"Sou Alva, filha do Rei. Meu pai está triste há mil anos. Se nada mudar, talvez ele melhore.","I'm Alva, the King's daughter. My father has been sad for a thousand years. If nothing changes, maybe he'll get better.","Soy Alva, hija del Rey. Mi padre lleva mil años triste. Si nada cambia, quizá mejore."
DLG_PI_ALVA_3,Por isso congelei tudo aqui em cima. Desculpa. Não posso deixar você passar.,That's why I froze everything up here. I'm sorry. I can't let you through.,Por eso congelé todo aquí arriba. Lo siento. No puedo dejarte pasar.
DLG_PI_ALVA_WIN,Você é rápido... mais rápido que o inverno.,You're fast... faster than winter.,Eres rápido... más rápido que el invierno.
DLG_PI_ALVA_MOTIVE,"Eu só queria ver meu pai sorrir de novo. Quando a coroa rachou, ele parou de vez.","I just wanted to see my father smile again. When the crown cracked, he stopped for good.","Solo quería ver a mi padre sonreír otra vez. Cuando la corona se agrietó, dejó de hacerlo para siempre."
DLG_PI_ALVA_ECHO,"Você é o eco que a coroa chamou, não é? Então você vai ver meu pai.","You're the echo the crown called, aren't you? Then you'll see my father.","Eres el eco que llamó la corona, ¿verdad? Entonces verás a mi padre."
DLG_PI_ALVA_ASK,"Leva isto pra ele? Ele não lê as minhas cartas. Talvez leia, se vier de você.","Will you take this to him? He doesn't read my letters. Maybe he will, if it comes from you.",¿Le llevas esto? No lee mis cartas. Quizá la lea si se la llevas tú.
DLG_PI_ALVA_THANKS,Obrigada. Diz que a filha dele está esperando. Que sempre esperou.,Thank you. Tell him his daughter is waiting. That she always has been.,Gracias. Dile que su hija lo está esperando. Que siempre lo esperó.
DLG_PI_ALVA_NO,"Entendo. Ninguém gosta de carregar a tristeza dos outros. Se mudar de ideia, ela fica aqui.","I understand. Nobody likes carrying someone else's sadness. If you change your mind, it'll be here.","Lo entiendo. A nadie le gusta cargar la tristeza ajena. Si cambias de idea, aquí estará."
DLG_PI_ALVA_THAW,O gelo da estrada vai derreter. Lá embaixo fica o deserto. Minha mãe mora lá.,The ice on the road will melt. Down below is the desert. My mother lives there.,El hielo del camino se derretirá. Allá abajo está el desierto. Mi madre vive allí.
DLG_PI_ALVA_AFTER,Diz pra minha mãe que eu tô bem. Mais ou menos bem.,Tell my mother I'm all right. More or less.,Dile a mi madre que estoy bien. Más o menos.
SPK_CANTIL,Velho Cantil,Old Canteen,Viejo Cantimplora
SPK_CORCOVA,Cameleiro Corcova,Drover Hump,Camellero Joroba
SPK_VEU,Dançarina Véu,Dancer Veil,Bailarina Velo
SPK_PA,Arqueólogo Pá,Archaeologist Spade,Arqueólogo Pala
SPK_MORINGA,Dona Moringa,Mrs. Jug,Doña Botijo
SPK_CANELA,Mercadora Canela,Merchant Cinnamon,Mercadera Canela
SPK_TAMARA,Cameleira Tâmara,Drover Date,Camellera Dátil
SPK_BATUQUE,Irmãos Batuque,Drumbeat Brothers,Hermanos Tamborrada
SPK_ROSA,Cartógrafa Rosa,Cartographer Rose,Cartógrafa Rosa
SPK_ALFORJE,Seu Alforje,Mr. Saddlebag,Don Alforja
SPK_GRAO,Grão,Grain,Grano
SPK_MIRAGEM,Vó Miragem,Granny Mirage,Abuela Espejismo
SPK_SANDALO,Camareiro Sândalo,Chamberlain Sandal,Chambelán Sándalo
SPK_DUNA,Rainha Duna,Queen Duna,Reina Duna
BTL_TAMER_CORCOVA,Cameleiro Corcova,Drover Hump,Camellero Joroba
BTL_TAMER_VEU,Dançarina Véu,Dancer Veil,Bailarina Velo
BTL_TAMER_PA,Arqueólogo Pá,Archaeologist Spade,Arqueólogo Pala
BTL_TAMER_TAMARA,Cameleira Tâmara,Drover Date,Camellera Dátil
BTL_TAMER_BATUQUE,Irmãos Batuque,Drumbeat Brothers,Hermanos Tamborrada
BTL_TAMER_SANDALO,Camareiro Sândalo,Chamberlain Sandal,Chambelán Sándalo
BTL_TAMER_DUNA,Guardiã Rainha Duna,Guardian Queen Duna,Guardiana Reina Duna
MAP_ROTA_6,Rota 6 — Mar de Dunas,Route 6 — Sea of Dunes,Ruta 6 — Mar de Dunas
MAP_PALMEIRAL,Palmeiral,Palmgrove,Palmeral
MAP_TEMPLO,Templo das Areias,Temple of Sands,Templo de las Arenas
MAP_PALMEIRAL_RANCHO,Rancho da Moringa,Jug's Ranch,Rancho de Botijo
MAP_PALMEIRAL_LOJA,Tenda da Canela,Cinnamon's Tent,Tienda de Canela
MAP_PALMEIRAL_CASA_TAMARA,Tenda da Tâmara,Date's Tent,Tienda de Dátil
MAP_PALMEIRAL_CASA_BATUQUE,Tenda dos Batuque,Drumbeat Tent,Tienda de los Tamborrada
MAP_PALMEIRAL_CASA_ROSA,Tenda da Cartógrafa,Cartographer's Tent,Tienda de la Cartógrafa
MSG_STORM_ROAD,Uma tempestade de areia sem fim esconde a estrada do castelo.,An endless sandstorm hides the road to the castle.,Una tormenta de arena sin fin oculta el camino al castillo.
OPT_D_HOURGLASS,Virar a ampulheta,Turn the hourglass,Girar el reloj de arena
SIGN_D_FORK,← Trilha das Caravanas · ↑ Passagem do Eco · → Dunas Altas,← Caravan Trail · ↑ Echo Pass · → High Dunes,← Senda de Caravanas · ↑ Paso del Eco · → Dunas Altas
DLG_D_ARR_R_L,Oi! ...Oi... oi... O deserto repete tudo que a gente fala!,Hello! ...Hello... hello... The desert repeats everything we say!,¡Hola! ...Hola... hola... ¡El desierto repite todo lo que decimos!
DLG_D_ARR_R_L2,Será que ele também fica sozinho?,Do you think it gets lonely too?,¿Se sentirá solo él también?
DLG_D_ARR_R_T,Areia na bota. Areia no osso. Areia em tudo.,Sand in my boots. Sand in my bones. Sand in everything.,Arena en las botas. Arena en los huesos. Arena en todo.
DLG_D_CANTIL_1,"Caravana vai pelo oeste, bicho anda pelas dunas altas, e no meio... o eco engana. Siga a parede.","Caravans go west, critters roam the high dunes, and in the middle... the echo fools you. Follow the wall.","Las caravanas van por el oeste, los bichos por las dunas altas, y en medio... el eco engaña. Sigue la pared."
DLG_D_CANTIL_2,"Antes, os tambores guiavam a gente. A rainha mandou calar todos. Agora só o vento fala.",The drums used to guide us. The queen silenced them all. Now only the wind speaks.,"Antes, los tambores nos guiaban. La reina mandó callarlos. Ahora solo habla el viento."
DLG_D_CORCOVA_1,Meu camelo fugiu e me deixou os esqueletos. Troca justa? Vamos descobrir!,My camel ran off and left me the skeletons. A fair trade? Let's find out!,Mi camello se fue y me dejó los esqueletos. ¿Cambio justo? ¡Vamos a ver!
DLG_D_CORCOVA_2,Troca justa. Meio injusta pra mim.,A fair trade. Slightly unfair for me.,Cambio justo. Un poco injusto para mí.
DLG_D_VEU_1,Danço pra espantar a tempestade. Ainda não funcionou. Talvez com uma batalha!,I dance to chase off the storm. Hasn't worked yet. Maybe with a battle!,Bailo para espantar la tormenta. Aún no funcionó. ¡Quizá con una batalla!
DLG_D_VEU_2,A tempestade ficou. Mas eu me diverti.,The storm stayed. But I had fun.,La tormenta se quedó. Pero me divertí.
DLG_D_PA_1,Cavo atrás do reino antigo. Achei três colheres e um esqueleto bravo. Quer conhecer?,I dig for the ancient kingdom. Found three spoons and an angry skeleton. Want to meet it?,Excavo buscando el reino antiguo. Encontré tres cucharas y un esqueleto enojado. ¿Quieres conocerlo?
DLG_D_PA_2,Vou catalogar essa derrota. Peça número quatro.,I'll catalog this defeat. Item number four.,Catalogaré esta derrota. Pieza número cuatro.
DLG_D_ALFORJE_1,"Água! ...Ah, não é água. É gente. Também serve! Me perdi seguindo o meu próprio eco.","Water! ...Oh, it's not water. It's people. That works too! I got lost following my own echo.","¡Agua! ...Ah, no es agua. Es gente. ¡También sirve! Me perdí siguiendo mi propio eco."
DLG_D_ALFORJE_2,"Diz pra Rosa, lá em Palmeiral, que eu tô vivo. E que o mapa dela tava certo. Eu é que tava errado.","Tell Rose, back in Palmgrove, that I'm alive. And that her map was right. I was the one who was wrong.","Dile a Rosa, en Palmeral, que estoy vivo. Y que su mapa tenía razón. El equivocado era yo."
DLG_D_ALFORJE_3,Vou esperar a tempestade baixar. Sentadinho. Sem eco.,I'll wait for the storm to die down. Sitting still. No echoes.,Esperaré a que amaine la tormenta. Sentadito. Sin eco.
SIGN_D_TOWN,"Palmeiral. Água, sombra e notícia velha.","Palmgrove. Water, shade and old news.","Palmeral. Agua, sombra y noticias viejas."
SIGN_D_TEMPLE,← Templo das Areias. Silêncio: a rainha descansa.,← Temple of Sands. Silence: the queen is resting.,← Templo de las Arenas. Silencio: la reina descansa.
DLG_D_ARR_C_L,Um lago no meio do deserto! Parece um farol de água.,A lake in the middle of the desert! It's like a lighthouse made of water.,¡Un lago en medio del desierto! Parece un faro de agua.
DLG_D_ARR_C_T,Tambores pendurados e ninguém tocando. Isso tá errado.,Drums hanging everywhere and nobody playing. That's wrong.,Tambores colgados y nadie tocando. Eso está mal.
DLG_D_MORINGA_1,"Bebe água primeiro, conversa depois. Seus esqueletos também: osso seco racha.","Drink water first, talk later. Your skeletons too: dry bones crack.","Primero bebe agua, luego hablamos. Tus esqueletos también: el hueso seco se agrieta."
DLG_D_MORINGA_AFTER,Tão tocando tambor lá fora! Faz um ano que eu não durmo com barulho bom.,They're playing drums outside! I haven't fallen asleep to good noise in a year.,¡Están tocando tambores afuera! Hace un año que no duermo con ruido bonito.
DLG_D_MORINGA_2,Quer deixar alguém aqui na sombra? Eu rego direitinho.,Want to leave someone here in the shade? I'll water them properly.,¿Quieres dejar a alguien aquí a la sombra? Lo riego bien.
DLG_D_CANELA_1,"Tempero, tecido e poção. A caravana não chega, então o preço é o da saudade.","Spices, cloth and potions. The caravan doesn't come anymore, so prices are set by longing.","Especias, telas y pociones. La caravana no llega, así que el precio es el de la nostalgia."
DLG_D_CANELA_2,Volte com sede de compras.,Come back thirsty for shopping.,Vuelve con sed de compras.
DLG_D_GRAO,Eu contei os grãos de areia da praça. Deu um monte. Amanhã eu conto de novo pra conferir.,I counted the grains of sand in the square. It came out to a lot. Tomorrow I'll count again to check.,Conté los granos de arena de la plaza. Salieron un montón. Mañana los cuento otra vez para comprobar.
DLG_D_GRAO_AFTER,"Com a tempestade embora, dá pra ver o castelo! Ele é mais feio de perto?","With the storm gone, you can see the castle! Is it uglier up close?",¡Sin la tormenta se ve el castillo! ¿Es más feo de cerca?
DLG_D_MIRAGEM_1,"A rainha Duna era a mais gentil da corte. Quando o Rei voltou triste, ela levantou a tempestade pra ninguém incomodar.","Queen Duna was the kindest of the court. When the King came back sad, she raised the storm so nobody would bother him.","La reina Duna era la más amable de la corte. Cuando el Rey volvió triste, levantó la tormenta para que nadie lo molestara."
DLG_D_MIRAGEM_2,Amor também constrói muralha. Só que de areia.,Love builds walls too. Only they're made of sand.,El amor también levanta murallas. Solo que de arena.
DLG_D_ROSA_ASK,"O Alforje saiu com a caravana e sumiu na Rota 6. Meu mapa diz que ele tá nas dunas altas, mas ninguém acredita em mapa.","Saddlebag left with the caravan and vanished on Route 6. My map says he's in the high dunes, but nobody believes maps.","Alforja salió con la caravana y desapareció en la Ruta 6. Mi mapa dice que está en las dunas altas, pero nadie cree en los mapas."
DLG_D_ROSA_ASK2,"Você acredita? Procura ele pra mim, nas dunas do leste.","Do you? Find him for me, in the eastern dunes.","¿Tú crees? Búscalo por mí, en las dunas del este."
DLG_D_ROSA_WAIT,"Dunas altas, a leste da Rota 6. Ele usa um turbante cor de areia. Ou seja: boa sorte.","High dunes, east of Route 6. He wears a sand-colored turban. In other words: good luck.","Dunas altas, al este de la Ruta 6. Lleva un turbante color arena. O sea: buena suerte."
DLG_D_ROSA_THANKS,Ele disse que meu mapa tava certo? Ele disse isso? Vou emoldurar a frase.,He said my map was right? He actually said that? I'm framing that sentence.,¿Dijo que mi mapa tenía razón? ¿Dijo eso? Voy a enmarcar la frase.
DLG_D_ROSA_REWARD,Toma: dois Reviver e o meu mapa das estrelas. Quem acha gente perdida merece.,Here: two Revives and my star chart. Anyone who finds lost people deserves it.,Toma: dos Revivir y mi mapa de estrellas. Quien encuentra a los perdidos lo merece.
DLG_D_ROSA_AFTER,"Mapa certo, marido errado. Mas é o meu marido errado.","Right map, wrong husband. But he's my wrong husband.","Mapa correcto, marido equivocado. Pero es mi marido equivocado."
DLG_D_TAMARA_1,"No deserto, quem não troca de montaria morre de cansaço. Troca de esqueleto na hora certa, vamos ver!","In the desert, whoever doesn't switch mounts drops from exhaustion. Switch skeletons at the right time, let's see!","En el desierto, quien no cambia de montura cae de cansancio. ¡Cambia de esqueleto a tiempo, a ver!"
DLG_D_TAMARA_2,Trocou no tempo certo. A rainha luta assim.,You switched at the right time. The queen fights like that.,Cambiaste en el momento justo. La reina pelea así.
DLG_D_BATUQUE_1,Proibiram o tambor. Não proibiram a batalha! Tum-tum-PÁ!,They banned drums. They didn't ban battles! Boom-boom-BAP!,Prohibieron el tambor. ¡No prohibieron las batallas! ¡Pum-pum-PAM!
DLG_D_BATUQUE_2,Perdemos no ritmo. Acontece.,We lost the beat. It happens.,Perdimos el ritmo. Pasa.
OBJ_D_CAMPFIRE,A fogueira estala. O céu do deserto tem mais estrelas do que você lembrava.,The campfire crackles. The desert sky has more stars than you remember.,La hoguera chisporrotea. El cielo del desierto tiene más estrellas de lo que recordabas.
DLG_D_FIRE_L1,Quando isso tudo acabar... você volta pra 2040?,When all this is over... will you go back to 2040?,Cuando todo esto termine... ¿volverás a 2040?
DLG_D_FIRE_L2,"Se voltar, acende o farol de lá também. Aí eu vou saber que você chegou.","If you do, light the lighthouse there too. Then I'll know you made it.","Si vuelves, enciende también el faro de allá. Así sabré que llegaste."
DLG_D_FIRE_T1,Quando isso acabar... você vai embora?,When this is over... are you leaving?,Cuando esto termine... ¿te vas a ir?
DLG_D_FIRE_T2,...Tanto faz. Quer dizer. Não tanto faz.,...Whatever. I mean. Not whatever.,...Me da igual. Digo. No me da igual.
DLG_D_ARR_T_L,Que silêncio... Até meus passos têm medo de fazer barulho.,So quiet... Even my footsteps are afraid to make noise.,Qué silencio... Hasta mis pasos tienen miedo de hacer ruido.
DLG_D_ARR_T_T,Templo bonito. Bonito demais pra alguém triste morar.,Pretty temple. Too pretty for someone sad to live in.,Templo bonito. Demasiado bonito para que viva alguien triste.
DLG_D_SAND_1,A rainha não recebe ninguém. Eu recebo por ela. Com batalha.,The queen receives no one. I receive them for her. With a battle.,La reina no recibe a nadie. Yo recibo por ella. Con batalla.
DLG_D_SAND_2,Recebido. Pode passar. Tire as sandálias.,Received. You may pass. Take off your sandals.,Recibido. Puede pasar. Quítese las sandalias.
DLG_D_AMP,Um esqueleto-ampulheta conta grãos de areia. Perdeu a conta mil vezes e recomeçou mil e uma.,An hourglass skeleton counts grains of sand. It has lost count a thousand times and started over a thousand and one.,Un esqueleto-reloj de arena cuenta granos. Perdió la cuenta mil veces y empezó de nuevo mil y una.
DLG_D_DUNA_1,"Um herdeiro no meu deserto. Eu senti você chegando, como se sente a chuva.","An heir in my desert. I felt you coming, the way one feels the rain.","Un heredero en mi desierto. Te sentí llegar, como se siente la lluvia."
DLG_D_DUNA_2,"Sou Duna, esposa do Rei. Ergui o farol para ele voltar pra casa. Ele voltou... e nunca mais saiu.","I am Duna, the King's wife. I raised the lighthouse so he'd come home. He came back... and never left again.","Soy Duna, esposa del Rey. Levanté el faro para que volviera a casa. Volvió... y nunca más salió."
DLG_D_DUNA_3,"Se eu partir, ele fica sozinho de vez. Então eu fico. E você também fica, até me vencer.","If I go, he'll be alone for good. So I stay. And you stay too, until you beat me.","Si me voy, se quedará solo para siempre. Así que me quedo. Y tú también, hasta que me venzas."
DLG_D_DUNA_WIN,Você troca de lugar com os seus na hora certa. Como uma família.,You swap places with your own at just the right moment. Like a family.,Cambias de lugar con los tuyos en el momento justo. Como una familia.
DLG_D_DUNA_WHY1,Você precisa saber por que ele te chamou.,You need to know why he called you.,Necesitas saber por qué te llamó.
DLG_D_DUNA_WHY2,A coroa só se refaz na cabeça de alguém do sangue. E prende quem a usa no trono. Para sempre.,The crown only mends itself on the head of someone of the blood. And it binds whoever wears it to the throne. Forever.,La corona solo se repara en la cabeza de alguien de la sangre. Y ata a quien la lleva al trono. Para siempre.
DLG_D_DUNA_WHY3,Ele vai pedir que você a coloque. Não por crueldade. Ele só não aguenta perder a família de novo.,He will ask you to put it on. Not out of cruelty. He simply can't bear to lose his family again.,Te pedirá que te la pongas. No por crueldad. Simplemente no soporta perder otra vez a su familia.
DLG_D_DUNA_L,Ninguém devia ficar preso pra sempre. Nem você... nem o Rei.,Nobody should be trapped forever. Not you... and not the King.,Nadie debería quedar atrapado para siempre. Ni tú... ni el Rey.
DLG_D_DUNA_T,"Se você colocar essa coroa, eu mesmo tiro ela da sua cabeça.","If you put that crown on, I'll pull it off your head myself.","Si te pones esa corona, yo mismo te la quito de la cabeza."
DLG_D_DUNA_LETTER,Você traz uma carta da nossa filha? ...Então ainda há esperança para ele.,You carry a letter from our daughter? ...Then there's still hope for him.,¿Traes una carta de nuestra hija? ...Entonces aún hay esperanza para él.
DLG_D_DUNA_NOLETTER,Você viu a Alva? Ela está bem? ...Que bom. Ela sempre esperou demais por ele.,Did you see Alva? Is she well? ...Good. She has always waited too long for him.,¿Viste a Alva? ¿Está bien? ...Qué bien. Siempre lo esperó demasiado.
DLG_D_DUNA_STORM,"A tempestade vai baixar. O castelo fica ao norte. Cuida dele por mim, herdeiro. Mesmo que seja dizendo não.","The storm will die down. The castle lies to the north. Look after him for me, heir. Even if it means saying no.","La tormenta amainará. El castillo está al norte. Cuídalo por mí, heredero. Aunque sea diciéndole que no."
DLG_D_DUNA_AFTER,Os tambores voltaram. Ele vai ouvir lá do castelo. Talvez lembre de quando dançava.,The drums are back. He'll hear them from the castle. Maybe he'll remember when he used to dance.,Volvieron los tambores. Los oirá desde el castillo. Quizá recuerde cuando bailaba.
